id,name,naissance,mort,genre,e.date,,,,,,,img-path,prix,prix-id,fond,WP,WD
2,Jean Rostand,1894-10-30,1977-04-09,Homme,1966-10-15,,,,,,,file_uploads/ulf_1_RostandJean.jpg,,,,https://fr.wikipedia.org/wiki/Jean_Rostand,Q287953
121,Asger Aaboe,1922-04-26,2007-01-19,Homme,1971-11-01,,,,,,,file_uploads/ulf_702_Asger_Aaboe.jpg,,,,https://fr.wikipedia.org/wiki/Asger_Aaboe,Q724489
124,Louis de Broglie,1892-08-15,1987-03-19,Homme,,,,,,,,https://upload.wikimedia.org/wikipedia/commons/d/d2/Broglie_Big.jpg,,,,https://fr.wikipedia.org/wiki/Louis_de_Broglie,Q83331
125,Joaquim de Carvalho,1892-10-06,1958-10-27,Homme,1957-10-07,,,,,,,https://upload.wikimedia.org/wikipedia/commons/b/b2/Joaquim_de_Carvalho_1927.jpg,,,,https://pt.wikipedia.org/wiki/Joaquim_de_Carvalho,Q1690871
126,Paloma de La Vallee Poussin,1866-08-14,2016-12-17,Homme,,,,,,,,file_uploads/ulf_484_De_La_Vallée_Poussin.jpg,,,,https://fr.wikipedia.org/wiki/Charles-Jean_de_La_Vall%C3%A9e_Poussin,Q982518
128,Luiz de Pina,1901-08-24,1972-01-01,Homme,,,,,,,,,,,,https://pt.wikipedia.org/wiki/Lu%C3%ADs_de_Pina,Q10321763
129,Bernard Carra de Vaux,1867-05-02,1953-01-01,Homme,,,,,,,,file_uploads/ulf_233_Bernard.Carra de Vaux.1867-1952.C004.preview.jpg,,,,https://fr.wikipedia.org/wiki/Bernard_Carra_de_Vaux-Saint-Cyr,Q14645284
130,Allen Debus,1926-08-16,2009-06-03,Homme,1991-01-30,,,,,,,https://upload.wikimedia.org/wikipedia/commons/1/1e/Allen_Debus_reading_book_2006_Alchemy_Conference.jpg,Médaille Sarton,10084,,,Q24292
131,François Delaporte,1941-06-28,2019-05-28,Homme,,,,,,,,file_uploads/ulf_664_Delaporte.jpg,,,,https://fr.wikipedia.org/wiki/Fran%C3%A7ois_Delaporte,Q3084395
132,Paul Delaunay,1878-02-16,1958-03-02,Homme,1955-05-07,,,,,,,,,,,https://fr.wikipedia.org/wiki/Paul_Delaunay,Q3371018
136,Federico Di Trocchio,1949-03-30,2013-03-09,Homme,,,,,,,,,,,,https://de.wikipedia.org/wiki/Federico_Di_Trocchio,Q1400455
137,Mario Dias,1914-04-26,2003-01-01,Homme,,,,,,,,file_uploads/ulf_547_mario_vianna_dias.jpg,,,,https://pt.wikipedia.org/wiki/Mario_Ulysses_Vianna_Dias,Q104558681
139,Jean Dieudonné,1906-01-07,1992-11-29,Homme,,,,,,,,https://upload.wikimedia.org/wikipedia/commons/e/e6/Jean_Dieudonn%C3%A9.jpg,,,,https://fr.wikipedia.org/wiki/Jean_Dieudonn%C3%A9,Q371957
140,Eduard Dijksterhuis,1892-10-28,1965-05-18,Homme,1952-05-03,,,,,,,https://upload.wikimedia.org/wikipedia/commons/f/f4/EJDijksterhuis191X.jpg,Médaille Sarton,10084,,https://fr.wikipedia.org/wiki/Eduard_Jan_Dijksterhuis,Q726217
141,Herbert Dingle,1890-02-08,1947-03-06,Homme,,,,,,,,https://upload.wikimedia.org/wikipedia/commons/8/83/Herbert_Dingle_440.jpg,,,,https://fr.wikipedia.org/wiki/Herbert_Dingle,Q628065
142,Hugo Dingler,1881-07-07,1954-06-29,Homme,1933-06-02,,,,,,,file_uploads/ulf_243_Hugo.Dingler.1881-1954.C008-E034.preview.jpg,,,,https://en.wikipedia.org/wiki/Hugo_Dingler,Q216036
143,Ahmed Djebbar,1941-02-08,,Homme,2005-12-28,,,,,,,file_uploads/ulf_648_Ahmed_Djebbar.jpg,,,,https://fr.wikipedia.org/wiki/Ahmed_Djebbar,Q2827536
145,Gennadij Dobrov,1929-03-09,1989-01-04,Homme,,,,,,,,,,,,,Q3918498
146,Jerzy Dobrzycki,1927-04-08,2004-02-01,Homme,,,,,,,,file_uploads/ulf_527_Jerzy_Dobrzycki.jpg,,,,https://fr.wikipedia.org/wiki/Jerzy_Dobrzycki,Q11724526
147,Yvonne Dold-Samplonius,1937-05-20,2014-06-16,Femme,2007-01-12,,,,,,,file_uploads/ulf_143_Yvonne_Dold-Samplonius.jpg,,,,,Q2602365
149,Aage Drachmann,1891-10-22,1980-09-04,Homme,,,,,,,,,,,22.6.3,https://de.wikipedia.org/wiki/Aage_Gerhardt_Drachmann,Q15377187
150,Stillman Drake,1910-12-24,1993-06-10,Homme,1971-11-01,,,,,,,,Médaille Sarton,10084,,,Q2349689
151,Hans Driesch,1867-10-28,1941-04-16,Homme,,,,,,,,file_uploads/ulf_595_Hans.Driesch.jpg,,,,https://fr.wikipedia.org/wiki/Hans_Driesch,Q41476
152,Pierre Dugac,1926-12-07,2000-07-03,Homme,,,,,,,,,,,,https://fr.wikipedia.org/wiki/Pierre_Dugac,Q2093396
153,René Dugas,1897-11-08,1957-09-11,Homme,,,,,,,,,,,,,Q3426129
155,Stefan Amsterdamski,1929-01-15,2005-07-19,Homme,,,,,,,,,,,,https://pl.wikipedia.org/wiki/Stefan_Amsterdamski,Q7940927
156,Hunter Dupree,1921-01-29,2019-11-30,Homme,,,,,,,,,Médaille Sarton,10084,,https://en.wikipedia.org/wiki/A._Hunter_Dupree,Q491599
157,Yehuda Elkana,1934-06-16,2012-09-21,Homme,,,,,,,,file_uploads/ulf_506_Yehuda_Elkana.jpg,,,9.1.3,https://en.wikipedia.org/wiki/Yehuda_Elkana,Q674208
159,Pio Emanuelli,1889-03-11,1946-02-07,Homme,,,,,,,,http://www.brera.mi.astro.it/sormano/emanuelli.jpg,,,9.1.5,https://en.wikipedia.org/wiki/Pio_Emanuelli,Q3905367
160,Federigo Enriques,1871-05-01,1946-06-14,Homme,1934-03-03,,,,,,,file_uploads/ulf_507_Federigo_Enriques.jpg,,,9.1.6,https://fr.wikipedia.org/wiki/Federigo_Enriques,Q982529
163,Benjamin Farrington,1891-10-07,1974-11-17,Homme,,,,,,,,,,,,https://en.wikipedia.org/wiki/Benjamin_Farrington,Q2287201
164,Ivan Fedoseev,1909-07-01,1998-03-22,Homme,,,,,,,,file_uploads/ulf_532_Fedoseev.jpg,,,,https://fr.wikipedia.org/wiki/Ivan_Fedoseev,Q4482106
165,Franz Maria Feldhaus,1874-04-26,1957-05-22,Homme,1928-12-26,,,,,,,https://upload.wikimedia.org/wikipedia/commons/b/b7/Franz_Maria_Feldhaus%2C_c._1925.jpg,,,,,Q1448177
167,Emil Fellmann,1927-09-17,2012-05-18,Homme,1983-04-15,,,,,,,file_uploads/ulf_246_fellmann.preview.jpg,,,,https://de.wikipedia.org/wiki/Emil_Fellmann,Q1336038
169,Karin Figala,1938-07-08,2008-11-29,Femme,,,,,,,,,,,,https://de.wikipedia.org/wiki/Karin_Figala,Q17496432
170,Jean Filliozat,1906-04-11,1982-10-27,Homme,,,,,,,,,,,,,Q162765
171,Joachim Fleckenstein,1914-07-07,1980-02-21,Homme,1967-12-24,,,,,,,,,,,https://de.wikipedia.org/wiki/Joachim_Otto_Fleckenstein,Q1690355
172,Eric Forbes,1933-01-01,1984-01-01,Homme,1981-03-20,,,,,,,file_uploads/ulf_629_Crombie_Alistair_web.jpg|https://upload.wikimedia.org/wikipedia/commons/6/65/Eric_Gray_Forbes._Photograph._Wellcome_V0026386.jpg,,,,https://en.wikipedia.org/wiki/Eric_G._Forbes,Q18593033
173,John Fotheringham,1874-08-14,1936-12-12,Homme,,,,,,,,,,,,,Q1421803
175,Zdenek Frankenberger,1892-01-24,1966-12-01,Homme,,,,,,,,,,,,,Q12779338
178,Günther Frei,1942-05-19,2020-09-18,Homme,,,,,,,,,,,,https://en.wikipedia.org/wiki/G%C3%BCnther_Frei,Q1561446
179,Hans Freudenthal,1905-09-17,1990-10-13,Homme,,,,,,,,https://upload.wikimedia.org/wikipedia/commons/6/6a/Hans_Freudenthal.jpg,,,,https://fr.wikipedia.org/wiki/Hans_Freudenthal,Q77506
180,Ivan Frolov,1929-01-09,1999-11-18,Homme,,,,,,,,file_uploads/ulf_564_Frolov.jpg,,,,https://pl.wikipedia.org/wiki/Iwan_Fro%C5%82ow_(filozof),Q1676003
181,Rudolf Fueter,1880-06-30,1950-09-08,Homme,,,,,,,,file_uploads/ulf_509_Fueter.jpg,,,,,Q1532992
182,Salomon Gandz,1883-02-02,1954-03-30,Homme,,,,,,,,,,,,https://en.wikipedia.org/wiki/Solomon_Gandz,Q7558609
183,Eduardo García de Zúñiga,1867-09-30,1951-02-04,Homme,,,,,,,,https://upload.wikimedia.org/wikipedia/commons/f/f2/Eduardo_Garc%C3%ADa_de_Z%C3%BA%C3%B1iga.jpg,,,,https://es.wikipedia.org/wiki/Eduardo_Garc%C3%ADa_de_Z%C3%BA%C3%B1iga,Q5819251
184,Eduardo García del Real,1870-01-03,1947-11-16,Homme,,,,,,,,https://upload.wikimedia.org/wikipedia/commons/c/c2/E._Garcia_del_Real_%28cropped%29.jpg,,,,,Q28916721
185,José García-Diego Ortiz,1919-08-09,1994-01-28,Homme,,,,,,,,https://upload.wikimedia.org/wikipedia/commons/4/45/JA_Garcia_Diego.jpg,,,9.5.5,https://fr.wikipedia.org/wiki/Jos%C3%A9_Antonio_Garc%C3%ADa-Diego,Q5937832
186,Fielding Garrison,1870-05-11,1935-04-18,Homme,,,,,,,,file_uploads/ulf_510_Fielding_Hudson_Garrison.jpg,,,,https://fr.wikipedia.org/wiki/Fielding_H._Garrison,Q3037058
187,Jean Gayon,1949-06-15,2018-04-28,Homme,2010-04-12,,,,,,,file_uploads/ulf_486_Jean-Gayon.jpg,,,,https://fr.wikipedia.org/wiki/Jean_Gayon,Q16267493
189,Aleksandr Gel?fond,1906-11-10,1968-07-11,Homme,,,,,,,,,,,,https://fr.wikipedia.org/wiki/Alexandre_Gelfond,Q716017
190,Paulus Gerdes,1952-11-11,2014-10-11,Homme,,,,,,,,file_uploads/ulf_685_Gerdes.jpg,,,,https://de.wikipedia.org/wiki/Paulus_Gerdes,Q54158474
193,Ludovico Geymonat,1908-11-05,1991-11-29,Homme,1974-02-18,,,,,,,,Médaille Koyré,9568,,https://fr.wikipedia.org/wiki/Ludovico_Geymonat,Q1225692
195,Bertrand Gille,1920-03-29,1980-11-30,Homme,1971-11-01,,,,,,,,,,,https://fr.wikipedia.org/wiki/Bertrand_Gille_(historien),Q2899549
196,Owen Gingerich,1930-03-24,2023-05-28,Homme,1984-09-11,,,,,,,,,,,https://fr.wikipedia.org/wiki/Owen_Gingerich,Q1202177
197,Jekuthiel Ginsburg,1889-08-15,1957-07-10,Homme,,,,,,,,,,,,,Q6176590
198,Mario Gliozzi,1899-03-24,1977-09-06,Homme,1948-01-04,,,,,,,file_uploads/ulf_596_Mario_Gliozzi.jpg,,,,https://it.wikipedia.org/wiki/Mario_Gliozzi,Q16576387
199,Walther Artelt,1906-07-23,1976-01-26,Homme,1960-02-15,,,,,,,,,,,https://de.wikipedia.org/wiki/Walter_Artelt,Q2543486
200,Edgar Goldschmid,1881-12-14,1957-05-26,Homme,,,,,,,,,,,,https://en.wikipedia.org/wiki/Edgar_Goldschmid,Q1283893
203,Ignacio Gonzalez Tascon,1947-01-01,2006-06-17,Homme,,,,,,,,,,,,,Q28134774
204,Danielle Gourevitch,1941-01-21,2021-06-13,Femme,1999-05-05,,,,,,,,,,,https://fr.wikipedia.org/wiki/Danielle_Gourevitch,Q1163864
205,Edward Grant,1926-06-04,2020-06-21,Homme,1969-01-12,,,,,,,,Médaille Sarton,10084,,https://fr.wikipedia.org/wiki/Edward_Grant,Q1292395
206,Ivor Grattan-Guinness,1941-06-23,2014-12-12,Homme,1991-01-30,,,,,,,file_uploads/ulf_675_Grattan-Guinness.jpg,,,,https://fr.wikipedia.org/wiki/Ivor_Grattan-Guinness,Q1252931
207,Frank Greenaway,1917-09-07,2013-06-16,Homme,,,,,,,,,,,,,Q5486942
208,John Greene,1917-05-03,2008-12-11,Homme,,,,,,,,,Médaille Sarton,10084,,https://en.wikipedia.org/wiki/John_Colton_Greene,Q15446688
209,Joshua Gregory,1875-02-25,1974-07-28,Homme,,,,,,,,,,,,,
210,Miguel Artigas,1887-09-29,1947-10-03,Homme,,,,,,,,file_uploads/ulf_559_Artigas_Miguel.jpg,,,,https://es.wikipedia.org/wiki/Miguel_Artigas,Q6013927
212,Jules Guiart,1870-04-07,1965-02-19,Homme,,,,,,,,file_uploads/ulf_503_Jules_Guiart.jpg,,,,https://fr.wikipedia.org/wiki/Jules_Guiart,Q18744761
213,Julio Guillén,1897-05-08,1972-11-27,Homme,,,,,,,,https://upload.wikimedia.org/wikipedia/commons/f/fa/Julio_Guill%C3%A9n_Tato%2C_1923.jpg,,,,https://es.wikipedia.org/wiki/Julio_Guill%C3%A9n_Tato,Q21192854
214,Léon Guinet,1881-01-01,1946-01-01,Homme,,,,,,,,,,,,,Q65964585
215,Robert Theodore Gunther,1869-08-23,1940-09-03,Homme,,,,,,,,file_uploads/ulf_504_Gunther.jpg,,,,,Q2157406
216,Emile Guyenot,1885-09-06,1963-03-20,Homme,,,,,,,,,,,,,Q3588552
217,Tibor Gy?ry,1869-01-05,1938-09-01,Homme,,,,,,,,file_uploads/ulf_505_Képes.jpg,Médaille Shdhoff,10114,,https://hu.wikipedia.org/wiki/Gy%C5%91ry_Tibor,Q20480260
218,Robert Haardt,1862-03-03,1939-01-01,Homme,,,,,,,,,,,,https://de.wikipedia.org/wiki/Robert_Haardt,Q2157433
219,Arthur Haas,1884-04-30,1941-02-20,Homme,,,,,,,,,,,,,Q89495
221,Ivan Artobolevskij,1905-09-26,1977-09-21,Homme,,,,,,,,https://upload.wikimedia.org/wikipedia/commons/1/14/Ivan_Ivanovich_Artobolevskiy.jpg,,,,https://fr.wikipedia.org/wiki/Ivan_Artobolevski,Q4070317
222,Assên Hadjioloff,1903-01-19,1994-07-02,Homme,,,,,,,,,,,,https://de.wikipedia.org/wiki/Assen_Chadshiolow,Q20500278
223,István Hajnal,1892-03-07,1956-06-16,Homme,,,,,,,,file_uploads/ulf_511_Hajnal_István.jpg,,,,https://en.wikipedia.org/wiki/Istv%C3%A1n_Hajnal,Q1032721
225,Günther Hamann,1924-12-10,1994-10-13,Homme,,,,,,,,,,,,https://fr.wikipedia.org/wiki/Marie_Boas_Hall,Q1561499
226,Jensen Ingeborg Hammer,1880-01-20,1955-06-04,Femme,,,,,,,,file_uploads/ulf_512_Ingeborg_Hammer-Jensen_1908.jpg,,,,,Q28763273
227,K?kichi Hara,1918-06-21,2012-03-20,Homme,,,,,,,,,,,,https://ja.wikipedia.org/wiki/%E5%8E%9F%E4%BA%A8%E5%90%89,Q11409383
228,Peter Harrison,1955-01-01,2019-02-25,Homme,1957-11-09,,,,,,,https://upload.wikimedia.org/wikipedia/commons/d/d9/Peter_Harrison_%28b._1955%29.jpg,,,,,Q7174556
229,Charles Homer Haskins,1870-12-21,1937-05-14,Homme,1928-02-12,,,,,,,https://upload.wikimedia.org/wikipedia/commons/0/02/Charles.h.haskins.jpg,,,,https://fr.wikipedia.org/wiki/Charles_Homer_Haskins,Q973349
230,A?mad al-?asan,1925-06-25,2012-04-28,Homme,,,,,,,,,Légion d'honneur,10160,,https://en.wikipedia.org/wiki/Ahmad_Y._al-Hassan,Q4695499
231,Thomas Heath,1861-05-10,1940-03-16,Homme,1928-12-02,,,,,,,file_uploads/ulf_591_Thomas.Little.Heath.jpg|file_uploads/ulf_592_Thomas_Little_Heath.jpg,,,,https://fr.wikipedia.org/wiki/Thomas_Heath,Q925037
232,Erwin Ackerknecht,1906-01-06,1988-11-18,Homme,1960-02-15,,,,,,,file_uploads/ulf_583_Erwin.Ackerknecht.jpg|file_uploads/ulf_584_Erwin_Ackerknecht.jpg,,,,https://en.wikipedia.org/wiki/Erwin_Ackerknecht,Q91371
233,José Asin,1897-05-10,1984-05-18,Homme,1958-08-21,,,,,,,,,,,,
234,Edith Heischkel-Artelt,1906-02-13,1987-01-08,Femme,,,,,,,,,,,,https://de.wikipedia.org/wiki/Edith_Heischkel-Artelt,Q1285014
235,Siegfried Heller,1876-01-12,1970-09-06,Homme,,,,,,,,,,,,https://de.wikipedia.org/wiki/Siegfried_Heller,Q29168613
236,Clarisse Hellman,1910-08-28,1973-03-28,Femme,1969-01-12,,,,,,,file_uploads/ulf_513_Doris_Hellman.jpg,,,,https://en.wikipedia.org/wiki/C._Doris_Hellman,Q1095626
237,Gustav Hellmann,1854-03-07,1939-02-21,Homme,,,,,,,,https://upload.wikimedia.org/wikipedia/commons/1/18/Gustav_Hellmann_cropped.jpg,,,,https://fr.wikipedia.org/wiki/Gustav_Hellmann,Q70610
238,John Henry,1950-01-01,2005-12-28,Homme,,,,,,,,https://upload.wikimedia.org/wikipedia/commons/8/8e/John_Henry%2C_HSS_2008.jpg,,,,,Q3181733
239,John Herivel,1918-08-29,2011-01-18,Homme,1976-04-05,,,,,,,,,,,https://fr.wikipedia.org/wiki/John_Herivel,Q823292
241,Mary Hesse,1924-10-15,2016-02-10,Femme,,,,,,,,,,,,https://fr.wikipedia.org/wiki/Mary_Hesse,Q164161
242,Erwin Nick Hiebert,1919-05-27,2012-11-28,Homme,1984-09-11,,,,,,,,,,,,Q28038698
244,Miguel Asin Palacios,1871-05-07,1944-12-08,Homme,1931-02-15,,,,,,,file_uploads/ulf_585_Miguel.Asin.Palacios.jpg,,,,https://fr.wikipedia.org/wiki/Miguel_As%C3%ADn_Palacios,Q2713951
245,Erich Hintzsche,1900-08-26,1975-05-24,Homme,,,,,,,,,,,,https://fr.wikipedia.org/wiki/Erich_Hintzsche,Q75999
247,Joseph Hofmann,1900-07-03,1973-07-05,Homme,1963-06-26,,,,,,,file_uploads/ulf_714_Hofmann.jpg,,,,https://en.wikipedia.org/wiki/Joseph_Ehrenfried_Hofmann,Q109387
249,Eric John Holmyard,1891-11-07,1959-10-13,Homme,,,,,,,,file_uploads/ulf_515_Holmyard.jpg,,,,,Q2784497
250,Roderick Home,1939-06-01,1959-08-13,Homme,2005-12-28,,,,,,,,,,,,Q7356694
251,Reijer Hooykaas,1906-01-08,1994-04-01,Homme,1957-11-09,,,,,,,,,,,,Q2855960
252,Mariano Hormigon Blanquez,1946-05-14,2004-07-21,Homme,,,,,,,,,,,11.3.1,https://fr.wikipedia.org/wiki/Mariano_Hormig%C3%B3n_Bl%C3%A1nquez,Q5997775
253,Zdenek Horsky,1929-11-03,1988-08-05,Homme,,,,,,,,,,,,https://cs.wikipedia.org/wiki/Zden%C4%9Bk_Horsk%C3%BD,Q168985
254,Michael Hoskin,1930-02-27,2021-05-12,Homme,1974-02-18,,,,,,,https://upload.wikimedia.org/wikipedia/commons/a/a0/Michael_Hoskin%2C_busto_en_Antequera.jpg,,,,https://fr.wikipedia.org/wiki/Michael_Hoskin,Q12771492
255,Gaston Bachelard,1884-06-27,1962-10-16,Homme,1948-01-04,,,,,,,file_uploads/ulf_581_Gaston_Bachelard.jpg,,,,https://fr.wikipedia.org/wiki/Gaston_Bachelard,Q270800
256,Boles?aw Hryniewiecki,1875-02-20,1963-02-13,Homme,,,,,,,,file_uploads/ulf_516_Boles?aw_Hryniewiecki.jpg,,,,https://fr.wikipedia.org/wiki/Boles%C5%82aw_Hryniewiecki,Q2909327
257,Tao-Ching Hu,1913-02-23,2004-11-06,Homme,,,,,,,,,,,,,
258,Pierre Huard,1901-10-16,1983-04-28,Homme,1960-02-15,,,,,,,https://upload.wikimedia.org/wikipedia/commons/2/29/Pierre_Alphonse_HUARD.jpg,,,,https://fr.wikipedia.org/wiki/Pierre_Huard,Q17304952
259,W?odzimierz Hubicki,1914-01-31,1977-07-13,Homme,,,,,,,,https://upload.wikimedia.org/wikipedia/commons/e/ed/W%C5%82odzimierz_Hubicki.jpg,,,,https://pl.wikipedia.org/wiki/W%C5%82odzimierz_Hubicki,Q9382652
260,Jeff Hughes,1965-12-11,2018-09-14,Homme,,,,,,,,,,,,https://en.wikipedia.org/wiki/Jeff_Hughes_(historian),Q29643019
261,Olof Hult,1868-02-12,1958-05-22,Homme,,,,,,,,file_uploads/ulf_577_Hult.png,,,,https://sv.wikipedia.org/wiki/Olof_Hult_(l%C3%A4kare),Q5816417
262,Pierre Humbert,1891-06-13,1953-11-17,Homme,,,,,,,,,,,,,Q1804232
263,Christian Hünemörder,1937-07-25,2012-09-19,Homme,,,,,,,,,,,,https://de.wikipedia.org/wiki/Christian_H%C3%BCnem%C3%B6rder_(Historiker),Q1080408
265,Friedrich Hunger,1874-03-04,1952-03-06,Homme,,,,,,,,file_uploads/ulf_257_Friedrich.Wilhelm.Hobias.Hunger.1874-1952.C109.preview.jpg,,,,,Q54985655
266,Suzanne Bachelard,1919-10-18,2007-03-11,Femme,1976-05-04,,,,,,,file_uploads/ulf_662_Bachelard_Suzanne.jpg,,,6.3.3,https://fr.wikipedia.org/wiki/Suzanne_Bachelard,Q3505892
267,Isaia Iannaccone,1950-01-01,,Homme,2010-04-12,,,,,,,,,,,,Q47108957
268,Ekmeleddin ?hsano?lu,1943-12-26,,Homme,1999-05-05,,,,,,,https://upload.wikimedia.org/wikipedia/commons/b/bb/Ekmeleddin_%C4%B0hsano%C4%9Flu%2C_June_2011_%28cropped%29.jpg,Médaille Koyré,9568,,https://fr.wikipedia.org/wiki/Ekmeleddin_%C4%B0hsano%C4%9Flu,Q331707
269,Aleksandr Išlinskij,1913-07-24,2003-07-02,Homme,,,,,,,,file_uploads/ulf_568_Ishlinsky.jpg,,,,https://de.wikipedia.org/wiki/Alexander_Juljewitsch_Ischlinski,Q4205653
270,Giorgio Israel,1945-06-03,2015-09-25,Homme,1997-05-28,,,,,,,https://upload.wikimedia.org/wikipedia/commons/7/7f/Giorgio_Israel.jpg,,,,,Q17351969
272,Jean Itard,1902-06-16,1979-05-08,Homme,1967-12-24,,,,,,,,,,,https://fr.wikipedia.org/wiki/Jean_Itard_(historien),Q1685587
273,José Joaquin Izquierdo,1893-08-05,1974-01-16,Homme,1957-09-11,,,,,,,,,,,,Q5940781
274,François Jacob,1920-06-17,2013-04-20,Homme,,,,,,,,file_uploads/ulf_535_François_Jacob.jpg,,,,https://fr.wikipedia.org/wiki/Fran%C3%A7ois_Jacob,Q218311
275,Max Jammer,1915-04-13,2010-12-18,Homme,,,,,,,,https://upload.wikimedia.org/wikipedia/commons/7/73/Moshe_yamer.jpg,,,,,Q1390390
276,Frans Jonckheere,1903-01-01,1956-01-01,Homme,,,,,,,,,,,,,Q109855901
277,?tefan B?lan,1913-01-01,1991-03-26,Homme,1981-03-20,,,,,,,https://upload.wikimedia.org/wikipedia/commons/8/82/%C8%98tefan_B%C4%83lan.01.jpg,,,6.3.6,https://ro.wikipedia.org/wiki/%C8%98tefan_B%C4%83lan,Q12744277
278,Ricardo de Almeda Jorge,1858-09-05,1939-07-29,Homme,,,,,,,,https://upload.wikimedia.org/wikipedia/commons/f/fa/Ricardo_Jorge.jpg,,,,https://pt.wikipedia.org/wiki/Ricardo_Jorge,Q10361161
279,Alberto Jori,1965-01-01,,Homme,,,,,,,,,Prix des jeunes historiens,9567,,https://fr.wikipedia.org/wiki/Alberto_Jori,Q387291
280,Masanori Kaji,1956-08-02,2016-07-18,Homme,,,,,,,,,,,,,Q17129217
281,Ivan Kanaev,1893-10-16,1984-01-01,Homme,,,,,,,,file_uploads/ulf_479_??????_????_????????.jpg,,,,https://et.wikipedia.org/wiki/Ivan_Kanajev,Q4212109
282,Hans Kangro,1916-12-06,1977-09-15,Homme,,,,,,,,,,,,,Q50305938
283,Petr Kapica,1894-06-26,1984-08-04,Homme,,,,,,,,file_uploads/ulf_536_Kapitsa.jpg,Prix Nobel,9569,,https://fr.wikipedia.org/wiki/Piotr_Kapitsa,Q172844
284,Karine Chemla,1957-08-02,1997-05-28,Femme,2005-12-28,,,,,,,file_uploads/ulf_480_Karine_Chemla.jpg,,,7.6.7,https://fr.wikipedia.org/wiki/Karine_Chemla,Q1729607
285,Louis Karpinski,1878-05-08,1956-01-25,Homme,1928-02-12,,,,,,,,,,,,Q3709967
286,Alfred Kastler,1902-03-05,1984-07-01,Homme,,,,,,,,file_uploads/ulf_537_Kastler.jpg,Prix Nobel,9569,,https://fr.wikipedia.org/wiki/Alfred_Kastler,Q71023
287,Wolfgang Kaunzner,1928-07-26,2017-10-03,Homme,,,,,,,,,,,,https://fr.wikipedia.org/wiki/Frederic_George_Kenyon,Q15444384
288,Antonio Ballesteros,1880-03-19,1949-07-15,Homme,,,,,,,,,,,,,Q5697802
289,Bonifatij Kedrov,1903-11-27,1985-10-09,Homme,1966-10-15,,,,,,,,,,,https://en.wikipedia.org/wiki/Bonifaty_Kedrov,Q365628
290,Edward Kennedy,1912-03-01,2009-04-05,Homme,1971-01-11,,,,,,,,,,,https://fr.wikipedia.org/wiki/Edward_Stewart_Kennedy,Q5345454
291,Frederick Kenyon,1869-01-15,1952-08-23,Homme,,,,,,,,file_uploads/ulf_593_Frederic_George_Kenyon.jpg,,,,https://fr.wikipedia.org/wiki/Frederic_George_Kenyon,Q683055
292,Pearl Kibre,1900-02-09,1985-07-15,Femme,,,,,,,,file_uploads/ulf_517_Pearl_Kibre.jpg,,,,https://en.wikipedia.org/wiki/Pearl_Kibre,Q26998136
293,Vladimir Kirsanov,1935-12-12,2007-05-13,Homme,,,,,,,,,,,,,
294,Arnold Carl Klebs,1870-03-17,1943-06-03,Homme,,,,,,,,https://upload.wikimedia.org/wikipedia/commons/6/63/Arnold_Klebs.jpg,,,,,Q119694
295,Martin Klein,1924-06-25,2009-03-28,Homme,1986-11-30,,,,,,,,,,,https://fr.wikipedia.org/wiki/Martin_J._Klein,Q964599
297,Friedrich Klemm,1904-01-22,1983-03-16,Homme,1971-01-11,,,,,,,,,,,https://fr.wikipedia.org/wiki/Friedrich_Klemm,Q1460417
298,Raymond Klibansky,1905-10-15,2005-05-08,Homme,,,,,,,,,,,,https://fr.wikipedia.org/wiki/Raymond_Klibansky,Q213996
299,Agustín Barreiro,1865-11-22,1937-03-25,Homme,,,,,,,,file_uploads/ulf_222_Agustin.Barreiro.1865-1937.C058.preview.jpg,,,,https://ca.wikipedia.org/wiki/Agust%C3%ADn_Jes%C3%BAs_Barreiro_Mart%C3%ADnez,Q25421945
300,David Knight,1936-11-30,2018-01-19,Homme,,,,,,,,,,,,,Q1175389
301,Akira Kobori,1904-10-09,1992-08-12,Homme,1961-02-20,,,,,,,,,,,https://ja.wikipedia.org/wiki/%E5%B0%8F%E5%A0%80%E6%86%B2,Q114663517
302,Richard Koch,1882-03-09,1949-01-01,Homme,,,,,,,,https://upload.wikimedia.org/wikipedia/commons/9/9a/Richard-Koch-1906.jpg,,,,https://de.wikipedia.org/wiki/Richard_Koch_(Mediziner),Q2149965
303,Eduard Kolchinskiy,1944-09-16,2020-01-24,Homme,2019-05-25,,,,,,,file_uploads/ulf_528_Kolchinskiy.jpg,,,,,Q75091241
304,Andrej Kolmogorov,1903-04-25,1987-10-20,Homme,,,,,,,,file_uploads/ulf_569_Kolmogorov.jpg,,,,https://fr.wikipedia.org/wiki/Andre%C3%AF_Kolmogorov,Q153224
305,Ivan Ivanovich Konfederatov,1902-07-01,1966-10-15,Homme,,,,,,,,,,,12.3.9,,
306,Ha?atur Koštoânc,1900-09-13,1961-02-04,Homme,,,,,,,,file_uploads/ulf_558_Koshtoyants.jpg,,,,https://en.wikipedia.org/wiki/Khachatour_Koshtoyants,Q1032365
308,Melvin Kranzberg,1917-11-22,1995-06-12,Homme,,,,,,,,file_uploads/ulf_712_Kranzberg.PNG,,,,,Q1919788
310,Henryk Barycz,1901-06-26,1994-09-03,Homme,1971-11-01,,,,,,,https://upload.wikimedia.org/wikipedia/commons/8/8a/Henryk_Barycz.jpg,,,6.3.11,https://pl.wikipedia.org/wiki/Henryk_Barycz,Q9287930
312,Friedolf Kudlien,1928-11-23,2008-02-02,Homme,,,,,,,,file_uploads/ulf_518_Fridolf_Kudlien.jpg,,,,https://de.wikipedia.org/wiki/Fridolf_Kudlien,Q1456200
313,Pavel Kudryavtsev,1904-06-15,1975-03-25,Homme,,,,,,,,,,,,https://fr.wikipedia.org/wiki/Pavel_Koudriavtsev,Q4244602
314,Thomas Kuhn,1922-07-18,1996-06-17,Homme,1966-10-15,,,,,,,file_uploads/ulf_198_kuhn.jpg,Médaille Sarton,10084,12.5.4,https://fr.wikipedia.org/wiki/Thomas_Kuhn,Q184980
315,Paul Kunitzsch,1930-01-01,2020-07-05,Homme,1986-11-30,,,,,,,file_uploads/ulf_519_KUNITZSCH.jpg,,,,https://fr.wikipedia.org/wiki/Paul_Kunitzsch,Q20817370
317,Boris Kuznecov,1903-05-10,1984-05-09,Homme,1961-02-20,,,,,,,file_uploads/ulf_487_Kouznetsov.jpg,,,,https://fr.wikipedia.org/wiki/Boris_Kouznetsov_(physicien),Q1571633
318,Vladimir Kuznetsov,1915-06-30,2005-03-21,Homme,1976-05-04,,,,,,,,,,,,Q4244958
319,Carl Lagergrantz,1868-02-26,1938-01-13,Homme,,,,,,,,file_uploads/ulf_199_Otto_Lagercrantz.jpg,,,,https://en.wikipedia.org/wiki/Otto_Lagercrantz,Q5931040
320,Trías Rolando Agustin Laguarda,1902-11-19,1998-09-09,Homme,,,,,,,,,,,,https://fr.wikipedia.org/wiki/Rolando_Laguarda_Tr%C3%ADas,Q7360568
321,Isabella Bashmakova,1921-03-01,2005-07-17,Femme,1971-11-01,,,,,,,"file_uploads/ulf_392_?????????,_????????_???????????.jpg",Médaille Koyré,9568,6.3.12,https://fr.wikipedia.org/wiki/Isabella_Bachmakova,Q1673591
322,Maxime Laignel-Lavastine,1875-12-09,1953-05-09,Homme,,,,,,,,file_uploads/ulf_597_Laignel_Lavastine.jpg|file_uploads/ulf_598_Maxime.Laignel-Lavastine.jpg,Légion d'honneur,10160,,https://fr.wikipedia.org/wiki/Maxime_Laignel-Lavastine,Q3302608
323,Pedro Lain Entralgo,1908-02-15,2001-05-06,Homme,1960-02-15,,,,,,,https://upload.wikimedia.org/wikipedia/commons/9/9a/%28Pedro_La%C3%ADn_Entralgo%29_Jos%C3%A9_Mar%C3%ADa_Aznar_ofrece_un_almuerzo_a_dos_acad%C3%A9micos_que_han_recibido_el_premio_Pr%C3%ADncipe_de_Asturias_de_Comunicaci%C3%B3n_y_Humanidades._Pool_Moncloa._17_de_mayo_de_1996_%28cropped%29.jpeg,,,12.6.4,https://es.wikipedia.org/wiki/Pedro_La%C3%ADn_Entralgo,Q2001080
324,A Lameere,1864-12-06,1942-06-05,Homme,,,,,,,,,,,,,Q2871265
325,Goulven Laurent,1925-06-08,2008-12-10,Homme,,,,,,,,,,,,,Q20752990
326,Chauncey Leake,1896-05-09,1978-11-01,Homme,1961-02-20,,,,,,,file_uploads/ulf_599_Chauncey_Leake.jpg|file_uploads/ulf_600_Chauncey.Depew.Leake.jpg,,,,https://fr.wikipedia.org/wiki/Chauncey_Leake,Q5088220
327,Raul da Cunha,1881-02-01,1947-02-03,Homme,,,,,,,,file_uploads/ulf_700_Raul-Leitão-da-Cunha.jpg,,,,https://pt.wikipedia.org/wiki/Raul_Leit%C3%A3o_da_Cunha,Q10357610
328,Albert Lejeune,1885-10-26,1965-06-26,Homme,1976-04-05,,,,,,,https://upload.wikimedia.org/wikipedia/commons/c/ce/Albert_Lejeune_dans_Le_Petit_Journal_du_22_septembre_1933.png,,,,,Q2381503
329,Jean-François Leroy,1915-02-15,1999-08-02,Homme,,,,,,,,,,,,https://fr.wikipedia.org/wiki/Jean-Fran%C3%A7ois_Leroy_(botaniste),Q4259300
331,Trevor Levere,1944-03-21,2022-01-11,Homme,1997-05-28,,,,,,,,,,,https://de.wikipedia.org/wiki/Trevor_H._Levere,Q93232846
333,Martin Levey,1913-05-18,1970-08-22,Homme,,,,,,,,,,,,,Q22911505
334,Giorgio Levi Della Vida,1886-08-22,1967-11-25,Homme,1957-09-11,,,,,,,file_uploads/ulf_520_Giorgio_Levi_Della_Vida.jpg,,,,https://fr.wikipedia.org/wiki/Giorgio_Levi_Della_Vida,Q387029
335,Rita Levi-Montalcini,1909-04-22,2012-12-30,Femme,,,,,,,,https://upload.wikimedia.org/wikipedia/commons/9/92/Rita_Levi_Montalcini.jpg,Prix Nobel,9569,,https://fr.wikipedia.org/wiki/Rita_Levi-Montalcini,Q185007
337,Samuel Lilley,1914-01-01,1987-01-01,Homme,,,,,,,,file_uploads/ulf_261_Samuel.Lilley.1914-1987.C180.preview.jpg,,,,https://en.wikipedia.org/wiki/Sam_Lilley,Q68930636
338,David Lindberg,1935-11-15,2015-06-01,Homme,1991-01-30,,,,,,,,Médaille Sarton,10084,,https://fr.wikipedia.org/wiki/David_C._Lindberg,Q550844
339,Uta Lindgren,1941-02-03,2017-06-16,Femme,2005-12-28,,,,,,,,,,,,Q15444689
340,Sten Lindroth,1914-12-28,1980-01-09,Homme,1958-08-21,,,,,,,file_uploads/ulf_521_Sten_Lindroth.jpg,,,,,Q5957946
341,Jan de Lindt,1867-03-25,1936-09-15,Homme,,,,,,,,https://upload.wikimedia.org/wikipedia/commons/0/0e/Jan_Gerard_de_Lint._Photomechanical_print._Wellcome_V0027376.jpg,,,,,Q87472476
342,Edmund Von Lippmann,1857-09-01,1940-09-24,Homme,1928-12-26,,,,,,,file_uploads/ulf_615_Edmund.Oskar.Von.Lippmann.jpg,Médaille Shdhoff,10114,,https://fr.wikipedia.org/wiki/Edmund_von_Lippmann,Q86401
343,Howard Bernhardt Adelmann,1898-08-05,1988-07-25,Homme,,,,,,,,,,,,https://fr.wikipedia.org/wiki/Howard_B._Adelmann,Q71664107
346,Johannes Lohne,1908-01-21,1993-01-29,Homme,1976-05-04,,,,,,,,,,,,
347,José López Piñero,1933-06-14,2010-08-08,Homme,,,,,,,,file_uploads/ulf_561_Lopez-Piñero.jpg,,,,https://fr.wikipedia.org/wiki/Jos%C3%A9_Mar%C3%ADa_L%C3%B3pez_Pi%C3%B1ero,Q9014442
348,Richard Lorch,1942-06-13,2021-02-17,Homme,2005-12-28,,,,,,,,,,,,Q95273548
350,Daston Lorraine,1951-09-06,,Femme,2019-05-25,,,,,,,file_uploads/ulf_212_Lorraine_Daston.jpg,Médaille Sarton,10084,,https://fr.wikipedia.org/wiki/Lorraine_Daston,Q529094
351,Cornelia Lüdecke,1954-11-25,2012-07-12,Femme,,,,,,,,https://upload.wikimedia.org/wikipedia/commons/3/37/L%C3%BCdecke_at_the_Le_Maire_Chanal_Antarctica.jpg,,,,https://en.wikipedia.org/wiki/Cornelia_L%C3%BCdecke,Q26235988
352,Luis Cervera Vera,1914-01-01,1998-08-25,Homme,,,,,,,,,,,,https://es.wikipedia.org/wiki/Luis_Cervera_Vera,Q15966219
353,Carlo Maccagni,1932-01-01,2022-09-11,Homme,1976-04-05,,,,,,,,,,,,Q61477259
354,Alfredo Machado E Costa,1870-01-01,1952-05-03,Homme,,,,,,,,,,,,,Q54634282
356,Roy MacLeod,1941-08-10,,Homme,2015-05-30,,,,,,,https://upload.wikimedia.org/wikipedia/commons/8/82/RoyMacLeod.jpg,,,,https://en.wikipedia.org/wiki/Roy_MacLeod,Q28457004
357,Francis Romeril Maddison,1927-07-27,2006-12-07,Homme,,,,,,,,,,,13.3.8,https://en.wikipedia.org/wiki/Francis_Maddison,Q5481829
359,Michael Mahoney,1939-06-30,2008-07-23,Homme,,,,,,,,,,,,https://fr.wikipedia.org/wiki/Michael_Sean_Mahoney,Q6834262
360,Anneliese Maier,1905-11-17,1971-02-12,Femme,1958-08-21,,,,,,,,Médaille Sarton,10084,,,Q91482
361,Alfonso Maierù,1939-01-04,2011-02-09,Homme,,,,,,,,,,,,https://it.wikipedia.org/wiki/Alfonso_Maier%C3%B9,Q3611196
362,Roberto Marcolongo,1862-08-24,1943-05-16,Homme,,,,,,,,,,,,https://fr.wikipedia.org/wiki/Roberto_Marcolongo,Q514677
363,Željko Markovi?,1889-02-20,1974-08-23,Homme,,,,,,,,,,,,,Q98755152
364,Duran Martinez,1906-01-01,1974-01-01,Homme,,,,,,,,,,,,,Q108812537
365,Otakar Matoušek,1899-01-14,1994-04-01,Homme,1961-02-20,,,,,,,file_uploads/ulf_550_Otakar.Matousek.jpg,,,13.4.9,https://cs.wikipedia.org/wiki/Otakar_Matou%C5%A1ek,Q95436278
366,Enrico Bellone,1938-08-14,2011-04-16,Homme,,,,,,,,,,,,,Q3725614
367,Francisco Jaguaribe de Mattos,1881-08-21,1974-02-03,Homme,1939-03-03,,,,,,,,,,13-4-10,https://pt.wikipedia.org/wiki/Francisco_Jaguaribe_Gomes_de_Matos,Q98636682
368,Kenneth May,1915-08-07,1977-01-12,Homme,,,,,,,,file_uploads/ulf_522_May.jpg,,,,https://fr.wikipedia.org/wiki/Kenneth_O._May,Q1398929
369,Josef Mayerhofer,1914-05-02,2003-10-04,Homme,,,,,,,,,,,,,Q68915245
370,Aly Mazaheri,1914-10-03,1991-11-24,Homme,,,,,,,,file_uploads/ulf_265_Aly.Mazaheri.1914-1991.C160.preview.jpg,,,,https://fr.wikipedia.org/wiki/Aly_Mazah%C3%A9ri,Q16889631
371,Loren Mckinney,1891-01-01,1963-09-26,Femme,,,,,,,,,,,,,Q52156709
372,Ernan McMullin,1924-10-13,2011-08-02,Homme,2005-12-28,,,,,,,,,,,https://en.wikipedia.org/wiki/Ernan_McMullin,Q1356152
373,James McMurrich,1859-10-16,1939-09-02,Homme,,,,,,,,file_uploads/ulf_266_J.Playfair.Mc.Murrich.1859-1939.C060.preview.jpg,,,,https://fr.wikipedia.org/wiki/James_McMurrich,Q6106795
374,Everett Mendelsohn,1931-10-28,2023-06-06,Homme,1971-01-11,,,,,,,file_uploads/ulf_489_Everett_Mendelsohn.jpg,,,,,Q93372372
375,Eric Mendoza,1919-04-08,2007-02-21,Homme,,,,,,,,,,,,,
376,Emile Meyerson,1859-12-02,1933-01-09,Homme,,,,,,,,file_uploads/ulf_601_Meyerson.png|file_uploads/ulf_603_Emile.Meyerson.jpg,Légion d'honneur,10160,,https://fr.wikipedia.org/wiki/%C3%89mile_Meyerson,Q286232
377,Luigi Belloni,1914-05-12,1989-08-13,Homme,1961-02-20,,,,,,,,,,,,Q55400753
379,Yoshio Mikami,1875-02-16,1950-12-31,Homme,,,,,,,,,,,,,Q251702
380,Gleb Mikhailov,1929-02-24,2021-03-18,Homme,2005-12-28,,,,,,,file_uploads/ulf_490_Mikhailov.jpg,,,,https://fr.wikipedia.org/wiki/Gleb_Mikha%C3%AFlov,Q4297345
381,Jaroslav Milbauer,1880-01-02,1959-01-19,Homme,,,,,,,,file_uploads/ulf_604_Jaroslav.Milbauer.jpg|file_uploads/ulf_605_Jaroslav_Milbauer.jpg,,,,,Q12023959
383,Arthur I. Miller,1940-06-02,,Homme,,,,,,,,,,,,https://en.wikipedia.org/wiki/Arthur_I._Miller,Q4799162
384,Eugen Mittwoch,1876-04-12,1942-08-11,Homme,,,,,,,,file_uploads/ulf_271_Eugen.Mittwoch.1867-1942.C089.preview.jpg,,,,,Q106013
386,Andrew Molland,1941-02-20,2002-09-04,Homme,,,,,,,,,,,,,
387,Arlindo Monteiro,1888-01-01,1956-01-01,Homme,1939-03-03,,,,,,,file_uploads/ulf_232_Arlindo.Camilo.Monteiro.1888-1956.C079-E049.preview.jpg,,,,,Q68920384
388,Hélène Bellosta-Baylet,1946-05-03,2011-08-19,Femme,,,,,,,,,,,,,Q3144706
389,Paul Mouy,1888-08-13,1946-08-10,Homme,,,,,,,,,,,,https://fr.wikipedia.org/wiki/Paul_Mouy,Q3371882
391,Robert P. Multhauf,1919-08-06,2004-08-05,Homme,,,,,,,,,,,,https://fr.wikipedia.org/wiki/Robert_Multhauf,Q7348228
392,Süßmann Muntner,1897-09-17,1973-01-20,Homme,1961-02-20,,,,,,,file_uploads/ulf_492_Süssmann_Müntner.png,,,,https://de.wikipedia.org/wiki/S%C3%BCssmann_Munter,Q37275910
393,Tamotsu Murata,1924-11-03,2008-06-07,Homme,1988-11-09,,,,,,,,,,,https://ja.wikipedia.org/wiki/%E6%9D%91%E7%94%B0%E5%85%A8,Q11523403
394,Jusuf Musabekov,1910-04-10,1970-05-08,Homme,,,,,,,,,,,,,
395,Carlo Alfonso Nallino,1872-02-16,1938-07-25,Homme,,,,,,,,,,,,https://fr.wikipedia.org/wiki/Carlo_Alfonso_Nallino,Q1075879
396,Joseph Needham,1900-09-12,1995-03-24,Homme,1947-03-06,,,,,,,https://upload.wikimedia.org/wikipedia/commons/1/1d/Joseph_Needham_in_Cambridge_1965_04.jpg,Médaille Sarton,10084,14.3.6,https://fr.wikipedia.org/wiki/Joseph_Needham,Q318054
397,Max Neuburger,1868-08-12,1955-03-15,Homme,1928-06-11,,,,,,,file_uploads/ulf_607_Max_Neuburger.jpg|file_uploads/ulf_606_Max.Neuburger.jpg,,,,https://en.wikipedia.org/wiki/Max_Neuburger,Q1913127
398,Otto Neugebauer,1899-05-26,1990-02-19,Homme,1949-06-15,,,,,,,file_uploads/ulf_716_Neugebauer.jpeg,,,14-3-10,https://fr.wikipedia.org/wiki/Otto_Eduard_Neugebauer,Q111996
399,Yahia Boubaker Ben,1914-07-06,2001-03-13,Homme,,,,,,,,,,,,https://fr.wikipedia.org/wiki/Boubaker_Ben_Yahia,Q16259347
400,Muhammad Nizamuddin,1899-05-22,1968-11-30,Homme,,,,,,,,,,,,,
401,Heribert Nobis,1924-11-05,2017-06-02,Homme,,,,,,,,,,,,,Q1339673
404,Luboš Nový,1929-11-13,2017-10-06,Homme,1971-01-11,,,,,,,,,,,,
405,Ronald Numbers,1942-03-06,2023-07-24,Homme,2007-01-12,,,,,,,file_uploads/ulf_496_Numbers.jpg,Médaille Sarton,10084,,https://fr.wikipedia.org/wiki/Ronald_Numbers,Q2165714
406,Mary Jo Nye,1944-05-12,,Femme,,,,,,,,https://upload.wikimedia.org/wikipedia/commons/3/37/Mary_Jo_Nye_October_10%2C_2013_Roy_G._Neville_Prize_crop.jpg,Médaille Koyré,9568,,https://fr.wikipedia.org/wiki/Mary_Jo_Nye,Q1246280
407,Robert Olby,1933-04-10,,Homme,2005-12-28,,,,,,,,,,,https://en.wikipedia.org/wiki/Robert_Olby,Q2158414
408,David Oldroyd,1936-01-20,2014-07-11,Homme,2007-01-12,,,,,,,,,,,https://en.wikipedia.org/wiki/David_R._Oldroyd,Q14828017
410,Henri Berr,1863-01-31,1954-11-19,Homme,,,,,,,,file_uploads/ulf_620_Berr_Henri.jpg|file_uploads/ulf_562_Berr.jpg,,,,https://fr.wikipedia.org/wiki/Henri_Berr,Q3100150
411,Eugeniusz Olszewski,1911-01-01,1994-01-06,Homme,1981-03-20,,,,,,,https://upload.wikimedia.org/wikipedia/commons/f/f6/Eugeniusz_Olszewski.jpg,,,,https://pl.wikipedia.org/wiki/Eugeniusz_Olszewski,Q9256011
412,Charles O'Malley,1907-01-04,1970-06-04,Homme,1960-02-15,,,,,,,,,,,,Q68920940
413,Kazimierz Opalek,1918-07-13,1995-11-11,Homme,,,,,,,,,,,,https://pl.wikipedia.org/wiki/Kazimierz_Opa%C5%82ek,Q21159838
414,Jane Marion Oppenheimer,1911-09-19,1996-03-19,Femme,,,,,,,,,,,,https://en.wikipedia.org/wiki/Jane_M._Oppenheimer,Q20011442
415,Carmélia Opsomer,1947-02-12,,Femme,1997-05-28,,,,,,,file_uploads/ulf_693_Opsomer.jpg,,,,,Q63953006
416,Naomi Oreskes,1958-11-25,,Femme,2009-05-25 20:21,,,,,,,file_uploads/ulf_332_Naomi_Oreskes_2nd_European_TA_conference_in_Berlin_2015.JPG,,,,https://fr.wikipedia.org/wiki/Naomi_Oreskes,Q205618
417,Juan de Orús Navarro,1921-09-25,2005-11-09,Homme,,,,,,,,,,,,,Q102085936
418,Walter Pagel,1898-12-11,1952-05-03,Homme,1958-08-21,,,,,,,file_uploads/ulf_608_Walter_Pagel.jpg,,,,https://fr.wikipedia.org/wiki/Walter_Pagel,Q75242
420,Pierre Pansier,1864-08-19,1934-10-26,Homme,,,,,,,,,,,,https://fr.wikipedia.org/wiki/Pierre_Pansier,Q59525749
421,Nicolas Besio Moreno,1879-01-01,1962-01-01,Homme,,,,,,,,,,,,https://es.wikipedia.org/wiki/Nicol%C3%A1s_Besio_Moreno,Q58303510
422,Humberto Paoli,1876-06-24,1953-04-29,Homme,,,,,,,,file_uploads/ulf_572_Humberto_Paoli.png,,,,,Q59576522
423,Christos Papanastassiou,1997-02-10,1958-07-01,Homme,,,,,,,,,,,,,Q102347935
424,Desiderio Papp,1895-05-21,1993-01-31,Homme,1961-02-20,,,,,,,file_uploads/ulf_277_Desiderio.Papp.1895-1993.C150-E130-H028.preview.jpg,,,,https://es.wikipedia.org/wiki/Desiderio_Papp_Pollack,Q1200642
425,Vakhtang Parkadze,1912-05-26,1998-01-27,Homme,1983-04-15,,,,,,,file_uploads/ulf_660_Parkadze.jpg,,,15.1.1,,
426,James Partington,1886-06-30,1965-09-10,Homme,1957-09-11,,,,,,,,Médaille Sarton|Dexter,10084|10125,,https://en.wikipedia.org/wiki/J._R._Partington,Q903959
427,Véra Pavlova,1912-02-19,2003-01-01,Femme,,,,,,,,,,,,https://fr.wikipedia.org/wiki/V%C3%A9ra_Pavlova,Q24089189
428,Jacques Payen,1931-03-13,1993-10-13,Homme,,,,,,,,,,,,,Q36035296
429,Adalberto Pazzini,1898-02-23,1975-01-01,Homme,,,,,,,,file_uploads/ulf_278_Adalberto.Pazzini.1898-1975.C163.preview.jpg,,,,https://it.wikipedia.org/wiki/Adalberto_Pazzini,Q16524609
430,Olaf Pedersen,1920-08-04,1997-03-12,Homme,1971-11-01,,,,,,,,,,,,Q2204212
431,Eric Peet,1882-12-08,1934-02-22,Homme,,,,,,,,,,,,https://fr.wikipedia.org/wiki/Thomas_Eric_Peet,Q2269194
432,Heimann Bessmertny,1890-03-19,1905-04-23,Femme,,,,,,,,,,,,,Q105054708
433,Jean Pelseneer,1863-06-26,1945-05-05,Homme,1948-01-04,,,,,,,file_uploads/ulf_497_Paul_Pelseneer.png,,,,,Q3371983
434,Joseph Peres,1890-10-31,1962-12-02,Homme,1948-01-04,,,,,,,file_uploads/ulf_498_Joseph_Pérès.JPG,Légion d'honneur,10160,,https://fr.wikipedia.org/wiki/Joseph_P%C3%A9r%C3%A8s,Q3185532
437,Garegin Petrosyan,1902-10-09,1997-12-12,Homme,,,,,,,,https://upload.wikimedia.org/wikipedia/commons/8/84/Garegin_Petrosyan.jpg,,,,,Q13052523
438,Svetlana Petrova,1955-07-12,,Femme,2012-07-12,,,,,,,file_uploads/ulf_393_Svetlana_Petrova_2017.jpg,,,,,Q98035706
439,Emile Picard,1856-07-24,1941-11-12,Homme,,,,,,,,https://upload.wikimedia.org/wikipedia/commons/0/05/Charles-Emile_Picard%2C_ante_1909_-_Accademia_delle_Scienze_di_Torino_0148_B.jpg,,,,https://fr.wikipedia.org/wiki/%C3%89mile_Picard,Q286375
440,Herbert Kurt Otto Pieper,1943-05-03,2008-06-09,Homme,,,,,,,,,,,,,Q59528340
441,Shlomo Pinès,1908-05-08,1990-09-01,Homme,,,,,,,,,,,,,Q2920042
442,David Edwin Pingree,1933-02-01,2005-11-11,Homme,1984-11-09,,,,,,,,,,,https://fr.wikipedia.org/wiki/David_Pingree,Q1029283
443,Joseph Bidez,1867-09-04,1945-09-20,Homme,1935-04-03,,,,,,,https://upload.wikimedia.org/wikipedia/commons/d/d6/JosephBidez.jpg,,,,https://fr.wikipedia.org/wiki/Joseph_Bidez,Q549715
444,Olivério de Oliveira Pinto,1896-11-03,1981-06-13,Homme,,,,,,,,,,,,https://en.wikipedia.org/wiki/Oliv%C3%A9rio_Pinto,Q18708650
445,Jean Piveteau,1899-09-23,1991-07-03,Homme,,,,,,,,,,,,https://fr.wikipedia.org/wiki/Jean_Piveteau,Q1685766
446,Iosif Pogrebysskij,1906-02-23,1971-05-20,Homme,,,,,,,,,,,,https://en.wikipedia.org/wiki/Iosif_Pogrebyssky,Q4366908
447,Giovanni Polvani,1892-12-17,1970-11-08,Homme,1969-01-12,,,,,,,file_uploads/ulf_499_Giovanni_Polvani.jpg,,,,https://it.wikipedia.org/wiki/Giovanni_Polvani,Q3767965
448,Emil Pop,1897-04-13,1974-07-14,Homme,1963-06-26,,,,,,,file_uploads/ulf_500_Emil_Pop.jpg,,,,https://ro.wikipedia.org/wiki/Emil_Pop,Q18545546
449,Karl Raimund Popper,1902-07-28,1994-09-17,Homme,,,,,,,,https://upload.wikimedia.org/wikipedia/commons/4/43/Karl_Popper.jpg,,,,https://fr.wikipedia.org/wiki/Karl_Popper,Q81244
450,Roy Sydney Porter,1946-12-31,2002-03-03,Homme,,,,,,,,,,,,https://en.wikipedia.org/wiki/Roy_Porter,Q354728
451,Frederick Poynter,1908-12-24,1979-11-03,Homme,1961-02-20,,,,,,,file_uploads/ulf_501_Noël_Lawrence.jpg,,,,https://en.wikipedia.org/wiki/No%C3%ABl_Poynter,Q18922261
452,Adolf Prag,1906-01-01,2005-03-27,Homme,,,,,,,,,,,,,Q112467456
453,Derek Price,1922-01-22,1983-03-09,Homme,1966-10-15,,,,,,,file_uploads/ulf_488_Derekde_Price.jpg,,,,https://fr.wikipedia.org/wiki/Derek_Price,Q764747
454,Amedeo Agostini,1892-06-03,1958-06-27,Homme,,,,,,,,,,,,https://en.wikipedia.org/wiki/Amedeo_Agostini,Q3613870
455,Tadeusz Bilikiewicz,1901-05-04,1980-10-11,Homme,,,,,,,,,,,non,,Q9354081
458,Patricia Radelet-De Grave,1948-11-11,,Femme,2005-12-28,,,,,,,https://upload.wikimedia.org/wikipedia/commons/5/5c/2016-04-20_Gottfried_Wilhelm_Leibniz_Bibliothek%2C_Leibniz-Akademie-Ausgabe_%28117%29_Prof._Dr._Patricia_Radelet-de_Grave.JPG,,,,,Q56641765
459,Emmanuel Radl,1873-12-21,1942-12-05,Homme,1928-12-26,,,,,,,https://upload.wikimedia.org/wikipedia/commons/8/8a/Emanuel_R%C3%A1dl.jpg,,,,https://en.wikipedia.org/wiki/Emanuel_R%C3%A1dl,Q3563524
460,Mieczyslaw Radwan,1889-05-04,1968-01-30,Homme,,,,,,,,,,,,https://pl.wikipedia.org/wiki/Mieczys%C5%82aw_Radwan,Q16577031
462,Emilio Ravignani,1886-01-15,1954-08-03,Homme,,,,,,,,https://upload.wikimedia.org/wikipedia/commons/c/ca/Emilio-ravignani.jpg,,,,,Q5831295
463,Ingiald Reichborn-Kjennerud,1865-06-27,,Homme,,,,,,,,https://upload.wikimedia.org/wikipedia/commons/5/54/IngjardReichborn-Kjennerud.jpg,,,,https://no.wikipedia.org/wiki/Ingjald_Reichborn-Kjennerud,Q16904222
464,Nathan Reingold,1927-01-01,2005-01-01,Homme,,,,,,,,,,,,,Q59525215
465,Horst Remane,1941-05-29,2018-12-21,Homme,,,,,,,,"file_uploads/ulf_348_Remane,_Horst_2018.jpg",,,,,Q15858730
466,Roger Billard,1922-08-29,2000-12-30,Homme,,,,,,,,,,,6.6.2,,Q55996910
467,Henri-Paul-Joseph Renaud,1881-03-04,1945-05-09,Homme,1935-04-03,,,,,,,,,,,https://fr.wikipedia.org/wiki/Henri-Paul-Joseph_Renaud,Q60828475
468,Julio Rey Pastor,1888-02-02,1962-02-21,Homme,1938-06-03,,,,,,,file_uploads/ulf_502_Julio_Rey_Pastor.png,,,,https://fr.wikipedia.org/wiki/Julio_Rey_Pastor,Q503376
469,Maria Righini Bonelli,1917-11-11,1981-12-18,Femme,1965-06-26,,,,,,,file_uploads/ulf_667_Maria_Luisa_Righini_Bonelli.jpg,Médaille Sarton,10084,,https://fr.wikipedia.org/wiki/Maria_Luisa_Righini_Bonelli,Q1367633
470,Bernard Rochot,1900-02-11,1905-05-24,Homme,,,,,,,,,,,,https://fr.wikipedia.org/wiki/Bernard_Rochot,Q15970923
471,Jacques Roger,1920-10-24,1990-03-26,Homme,1978-06-21,,,,,,,file_uploads/ulf_639_Roger_Jacques_wikip.jpg,,,,https://fr.wikipedia.org/wiki/Jacques_Roger,Q3159903
472,Duane Roller,1920-03-14,1994-08-22,Homme,,,,,,,,,,,,,Q112581194
473,Adolphe Rome,1889-12-07,1971-09-04,Homme,1957-09-11,,,,,,,,,,,https://en.wikipedia.org/wiki/Adolphe_Rome,Q365804
474,Vasco Ronchi,1897-12-19,1988-10-31,Homme,1955-10-07,,,,,,,,,,,https://en.wikipedia.org/wiki/Vasco_Ronchi,Q7916425
475,Maria Rooseboom,1909-04-05,1978-01-01,Femme,,,,,,,,,,,,,Q66086102
476,Edward Rosen,1906-12-12,1985-03-28,Homme,1966-10-15,,,,,,,,,,,,Q5345115
477,Arthur Birembaut,1905-11-13,1986-01-14,Homme,,,,,,,,,,,,,Q2864997
478,Boris Rosenfeld,1917-08-30,2008-04-05,Homme,1978-06-21,,,,,,,,,,,https://fr.wikipedia.org/wiki/Boris_Rosenfeld,Q893601
479,Leon Rosenfeld,1904-08-14,1974-03-23,Homme,1966-10-15,,,,,,,file_uploads/ulf_696_Leon_Rosenfeld.jpg,,,,https://fr.wikipedia.org/wiki/L%C3%A9on_Rosenfeld,Q1063692
480,Grazyna Rosinska,1937-01-01,2013-01-01,Femme,,,,,,,,,,,,,Q68913758
481,Karl Eduard Rothschuh,1908-06-07,1984-03-09,Homme,1968-08-21,,,,,,,,,,,https://fr.wikipedia.org/wiki/Karl_Eduard_Rothschuh,Q1730815
483,Julius Ruska,1867-09-02,1949-12-02,Homme,1928-12-26,,,,,,,file_uploads/ulf_526_Julius.Ruska.jpg,,,,https://fr.wikipedia.org/wiki/Julius_Ruska,Q77994
484,François Russo,1909-06-28,1998-10-17,Homme,,,,,,,,,Médaille Koyré,9568,,https://fr.wikipedia.org/wiki/Fran%C3%A7ois_Russo,Q3085768
485,Pawel Rybicki,1902-09-30,1988-07-15,Homme,,,,,,,,,,,,https://pl.wikipedia.org/wiki/Pawe%C5%82_Rybicki,Q11814380
486,Eugeniusz Rybka,1898-06-05,1988-08-12,Homme,,,,,,,,https://upload.wikimedia.org/wikipedia/commons/7/77/Eugeniusz_Rybka_%281973%29.jpg,,,,https://en.wikipedia.org/wiki/Eugeniusz_Rybka,Q2090699
488,Marian Biskup,1922-12-19,2012-04-16,Homme,,,,,,,,,,,,,Q941762
489,Claire Salomon-Bayet,1932-01-05,2016-09-10,Femme,1997-05-28,,,,,,,,,,,https://fr.wikipedia.org/wiki/Claire_Salomon-Bayet,Q2975121
490,Shmuel Sambursky,1900-10-30,1990-05-18,Homme,,,,,,,,https://upload.wikimedia.org/wikipedia/commons/1/12/Shmuel_Sambursky.jpg,,,,https://en.wikipedia.org/wiki/Shmuel_Sambursky,Q48688470
491,Julio Samsó Moya,1942-05-17,,Homme,1986-11-30,,,,,,,,Médaille Koyré,9568,,https://fr.wikipedia.org/wiki/Julio_Sams%C3%B3,Q22443697
492,José Sánchez Ron,1949-06-01,,Homme,2015-05-30,,,,,,,file_uploads/ulf_677_José_Manuel_Sánchez_Ron.jpg,,,,https://es.wikipedia.org/wiki/Jos%C3%A9_Manuel_S%C3%A1nchez_Ron,Q5942350
493,José Sánchez Pérez,1882-11-30,1958-11-13,Homme,,,,,,,,,,,,https://es.wikipedia.org/wiki/Jos%C3%A9_Augusto_S%C3%A1nchez_P%C3%A9rez,Q4116859
494,Giorgio de Santillana,1902-05-30,1974-08-06,Homme,1960-02-15,,,,,,,file_uploads/ulf_546_giorgio_de_santillana.JPG,,,,https://en.wikipedia.org/wiki/Giorgio_de_Santillana,Q186194
496,Abraham Schierbeek,1887-01-01,1974-01-01,Homme,,,,,,,,file_uploads/ulf_292_Abraham.Schierbeck.1887-1974.C179.preview.jpg,,,16-2-8,,Q97064234
497,Hans Schimank,1888-03-17,1979-08-25,Homme,,,,,,,,,,,,https://de.wikipedia.org/wiki/Hans_Schimank,Q1582298
498,Olaf Henrik Schmidt,1913-12-12,1996-07-06,Homme,1971-01-11,,,,,,,,,,,,Q29042726
500,Charles Bernard Schmitt,1933-01-01,1986-04-15,Homme,,,,,,,,,,,,https://es.wikipedia.org/wiki/Charles_B._Schmitt,Q5669180
501,Robert Edwin Schofield,1923-01-06,2011-12-30,Homme,1965-06-26,,,,,,,,,,,https://fr.wikipedia.org/wiki/Robert_E._Schofield,Q56523465
502,William Schopfer,1900-08-05,1962-06-19,Homme,1957-09-11,,,,,,,file_uploads/ulf_525_William_Schopfer.jpg,,,,,Q17194423
503,Matthias Schramm,1928-01-01,2005-01-01,Homme,,,,,,,,,,,,https://de.wikipedia.org/wiki/Matthias_Schramm_(Wissenschaftshistoriker),Q72833385
504,Wilfried Schröder,1941-10-08,2011-12-04,Homme,,,,,,,,,,,,,Q94893013
506,Julius Schuster,1886-01-01,1949-01-01,Homme,,,,,,,,,,,,https://de.wikipedia.org/wiki/Julius_Schuster_(Botaniker),Q6457504
507,Joseph Scott,1892-01-01,1971-01-01,Homme,,,,,,,,,Prix Nobel,9569,,,Q115527165
508,Emilio Segrè,1905-01-02,1989-04-22,Homme,,,,,,,,https://upload.wikimedia.org/wikipedia/commons/4/41/Segre.jpg,,,,https://fr.wikipedia.org/wiki/Emilio_Segr%C3%A8,Q173028
509,Abraham Seidenberg,1916-02-06,1988-03-05,Homme,,,,,,,,file_uploads/ulf_658_Abraham_Seidenberg.jpg,,,,https://en.wikipedia.org/wiki/Abraham_Seidenberg,Q330593
510,Leonid Blâher,1900-10-16,1987-01-01,Homme,1966-10-15,,,,,,,file_uploads/ulf_557_Blâher.png,,,,https://fr.wikipedia.org/wiki/Leonid_Bl%C3%AFakher,Q23655178
511,Miguel Selga,1879-01-01,1956-04-23,Homme,,,,,,,,,,,,,Q17301202
512,Michel Serres,1930-01-09,2019-01-06,Homme,,,,,,,,file_uploads/ulf_533_Michel_Serres.JPG,,,,https://fr.wikipedia.org/wiki/Michel_Serres,Q364456
513,Otto Seydl,1884-05-05,1959-02-15,Homme,,,,,,,,,,,,,Q58199361
514,Richard Shryock,1893-03-29,1972-01-02,Homme,1956-07-16,,,,,,,file_uploads/ulf_253_Richard.Harrison.Shryock.1893-1972.C159-E081.preview.jpg,Médaille Sarton,10084,,https://fr.wikipedia.org/wiki/Richard_Harrison_Shryock,Q2149716
515,Iosif Štokalo,1897-11-16,1987-05-01,Homme,,,,,,,,file_uploads/ulf_560_Štokalo.jpg,,,,https://en.wikipedia.org/wiki/Josif_Shtokalo,Q6290799
516,Semen Šuhardin,1917-01-01,1980-01-01,Homme,1967-12-24,,,,,,,,,,,,Q68918524
517,Kripa Shukla,1918-01-01,2007-01-01,Homme,1999-05-05,,,,,,,,,,,https://en.wikipedia.org/wiki/Kripa_Shankar_Shukla,Q120833112
518,Carl Siegel,1896-12-31,1981-04-04,Homme,,,,,,,,file_uploads/ulf_538_Carl_Ludwig_Siegel.jpeg,,,,https://fr.wikipedia.org/wiki/Carl_Siegel,Q61721
520,Gérard Simon,1931-01-21,2009-06-22,Homme,1999-05-05,,,,,,,file_uploads/ulf_692_Simon.jpg,,,,https://fr.wikipedia.org/wiki/G%C3%A9rard_Simon_(historien),Q3124306
521,Marie Boas Hall,1919-10-18,2009-02-23,Femme,1966-10-15,,,,,,,,Médaille Sarton,10084,,https://fr.wikipedia.org/wiki/Marie_Boas_Hall,Q527805
522,Avaresh Singh,1901-01-01,1954-10-07,Homme,,,,,,,,,,,,https://en.wikipedia.org/wiki/Avadhesh_Narayan_Singh,Q29180923
523,Nathan Sivin,1931-11-05,2023-06-24,Homme,1991-01-30,,,,,,,,,,,https://fr.wikipedia.org/wiki/Nathan_Sivin,Q335192
524,Raleigh Skelton,1906-12-21,1970-07-12,Homme,,,,,,,,,,,,,Q7286887
525,Paulius Slav?nas,1901-07-21,1991-02-24,Homme,,,,,,,,file_uploads/ulf_554_paulius_slavenas.jpg,,,,https://lt.wikipedia.org/wiki/Paulius_Slav%C4%97nas,Q4422862
527,Cyril Smith,1903-04-10,1992-08-25,Homme,1963-06-26,,,,,,,https://upload.wikimedia.org/wikipedia/commons/d/d5/Cyril_S_Smith.jpg,,,,,Q4424880
528,Josef Smolka,1939-03-22,2020-01-06,Homme,1971-01-11,,,,,,,,,,,,Q3505684
529,Samuil Sobol,1893-08-25,1960-12-01,Homme,,,,,,,,,,,,https://fr.wikipedia.org/wiki/Samuel_Sobol,Q19217840
530,U?rij Solovev,1924-09-30,2005-01-01,Homme,,,,,,,,,,,,,Q4428089
532,Paul Bockstaele,1920-07-02,2009-03-08,Homme,1988-11-09,,,,,,,,,,,,Q3087839
533,Pierre Speziali,1913-01-01,1995-01-01,Homme,,,,,,,,,,,,,Q55770597
534,Otto Spiess,1878-01-03,1966-02-14,Homme,1957-09-11,,,,,,,,,,,https://fr.wikipedia.org/w/index.php?title=Otto_Spiess&action=history,Q1644048
535,Evangelos Stamatis,1898-01-01,1990-01-01,Homme,,,,,,,,,,,,,Q94906686
536,Jerry Stannard,1926-01-01,1988-01-01,Homme,,,,,,,,,,,,,Q68914258
537,Henry Ernest Stapleton,1878-05-03,1962-02-12,Homme,1955-07-15,,,,,,,file_uploads/ulf_294_Henry.Ernest.Stapleton.1878-1962.C030-E078.preview.jpg,,,,https://en.wikipedia.org/wiki/Henry_Ernest_Stapleton,Q112666210
538,Robert Steele,1860-05-30,1944-03-27,Homme,1928-12-26,,,,,,,,,,,https://en.wikipedia.org/wiki/Robert_Steele_(medievalist),Q15432539
539,Michael Stephanides,1868-11-08,1957-11-25,Homme,1930-02-15,,,,,,,file_uploads/ulf_670_Michael_K._Stefanidis.png,,,,https://en.wikipedia.org/wiki/Michael_K._Stefanidis,Q12881128
540,Johannes Steudel,1901-09-03,1973-05-31,Homme,,,,,,,,,,,,,Q1628913
541,Bernhard Sticker,1906-02-08,1977-08-30,Homme,1974-02-18,,,,,,,,,,,,Q104742
542,Georg Sticker,1860-04-18,1960-08-28,Homme,,,,,,,,file_uploads/ulf_609_Georg.Sticker.jpg,,,,https://de.wikipedia.org/wiki/Georg_Sticker,Q1262360
545,Dirk Jan Struik,1894-09-30,2000-10-21,Homme,,,,,,,,https://upload.wikimedia.org/wikipedia/commons/f/f6/Professor_Dirk_Jan_Struik%2C_1952.jpg,Prix Kenneth O. May,10124,,,Q932815
546,Franz Strunz,1875-11-15,1953-03-28,Homme,,,,,,,,file_uploads/ulf_697_Franz_Strunz.jpg,,,,https://de.wikipedia.org/wiki/Franz_Strunz,Q23671507
548,Frantisek Karel Studnicka,1870-11-25,1955-02-08,Homme,,,,,,,,file_uploads/ulf_610_Frantisek.Karel.Studnicka.jpg|file_uploads/ulf_611_František_Karel_Studni?ka_2.jpg,,,,https://pl.wikipedia.org/wiki/Franti%C5%A1ek_Karel_Studni%C4%8Dka,Q9263368
550,Paavo Suomalainen,1907-10-28,1976-10-16,Homme,,,,,,,,file_uploads/ulf_659_Paavo.jpg,,,17.6.14,https://en.wikipedia.org/wiki/Paavo_Suomalainen,Q11886323
551,Noel Swerdlow,1941-09-09,2021-07-24,Homme,2005-12-28,,,,,,,,,,,https://fr.wikipedia.org/wiki/Noel_Swerdlow,Q1995380
552,Ferenc Szabadváry,1923-01-09,2006-05-21,Homme,,,,,,,,,Dexter,10125,,https://es.wikipedia.org/wiki/Ferenc_Szabadv%C3%A1ry,Q1293257
553,Árpád Szabó,1913-10-16,2001-09-13,Homme,,,,,,,,,,,,https://hu.wikipedia.org/wiki/Szab%C3%B3_%C3%81rp%C3%A1d_(klasszika-filol%C3%B3gus),Q252405
554,Olszewicz Boles?aw,1893-05-01,1972-01-24,Homme,,,,,,,,https://upload.wikimedia.org/wikipedia/commons/2/2b/Olszewicz%2C_Boleslaw_%28cropped%29.JPG,,,,https://pl.wikipedia.org/wiki/Boles%C5%82aw_Olszewicz,Q9176846
555,Zoltán Sz?kefalvy-Nagy,1916-09-05,1980-08-11,Homme,,,,,,,,,,,,,Q20478701
556,Wladyslaw Szumowski,1875-03-26,1954-05-04,Homme,,,,,,,,https://upload.wikimedia.org/wikipedia/commons/d/d7/W%C5%82adys%C5%82aw_Szumowski.jpg,,,,,Q57264799
557,Minoru Tanaka,1907-08-26,1978-09-14,Homme,,,,,,,,,,,,https://ja.wikipedia.org/wiki/%E7%94%B0%E4%B8%AD%E5%AE%9F_(%E7%A7%91%E5%AD%A6%E5%8F%B2%E5%AE%B6),Q112136197
558,Marie Tannery,1862-11-27,1945-01-28,Femme,,,,,,,,,,,,,Q59629584
559,Frank Sherwood Taylor,1897-01-01,1956-05-01,Homme,,,,,,,,,,,17-6-6,,Q5424045
561,Francisco Gomes Texeira,1851-01-28,1933-02-08,Homme,,,,,,,,file_uploads/ulf_590_Francisco.Gomes.Teixeira.jpg,,,,https://fr.wikipedia.org/wiki/Francisco_Gomes_Teixeira,Q3815565
562,Owsei Temkin,1902-06-10,2002-07-18,Homme,1958-08-21,,,,,,,https://upload.wikimedia.org/wikipedia/commons/6/6e/Owsei_Temkin_%281929%29.jpg,Médaille Sarton,10084,,https://fr.wikipedia.org/wiki/Owsei_Temkin,Q75312
566,Valeriu Bologa,1892-11-26,1971-10-30,Homme,1938-06-03,,,,,,,file_uploads/ulf_587_Valeriu.Lucian.Bologa.jpg|file_uploads/ulf_227_Valeriu_Bologa.jpg,,,,https://de.wikipedia.org/wiki/Valeriu_Lucian_Bologa,Q12734526
567,Ernst Teves,1913-11-01,1981-06-14,Homme,,,,,,,,,,,18.1.12,,Q89925617
568,Lujo Thaller,1905-03-05,1905-05-02,Homme,,,,,,,,file_uploads/ulf_299_Lujo.Thaller.1891-1951.C115.preview.jpg,,,,,Q110223343
569,Jean Theodoridès,1926-11-06,1999-12-27,Homme,1969-12-01,,,,,,,,,,,https://fr.wikipedia.org/wiki/Jean_Th%C3%A9odorid%C3%A8s,Q3174800
570,D'Arcy Wentworth Thompson,1860-02-05,1948-06-21,Homme,1947-03-06,,,,,,,https://upload.wikimedia.org/wikipedia/commons/c/cb/D%27Arcy_Wenthworth_Thompson.jpg,,,,https://fr.wikipedia.org/wiki/D%27Arcy_Wentworth_Thompson_(1860-1948),Q739438
572,Lynn Thorndike,1882-07-24,1965-12-28,Homme,1928-08-17,,,,,,,file_uploads/ulf_544_Lynn_Thorndike.jpg,Médaille Sarton,10084,,https://fr.wikipedia.org/wiki/Lynn_Thorndike,Q357483
573,François Thureau-Dangin,1872-03-01,1944-01-24,Homme,,,,,,,,https://upload.wikimedia.org/wikipedia/commons/6/65/Thureau-dangin.jpg,,,,https://fr.wikipedia.org/wiki/Fran%C3%A7ois_Thureau-Dangin,Q1352388
574,Anne Tihon,1944-01-01,,Femme,2002-05-28,,,,,,,,,,,https://en.wikipedia.org/wiki/Anne_Tihon,Q55627640
577,Ettore Bortolotti,1866-06-03,1947-02-17,Homme,1936-10-02,,,,,,,file_uploads/ulf_588_Ettore.Bortolotti.jpg,,,7.1.2,https://fr.wikipedia.org/wiki/Ettore_Bortolotti,Q1371855
578,Marie-Antoinette Tonnelat,1912-05-03,1980-03-12,Femme,1974-02-18,,,,,,,file_uploads/ulf_374_Marie-Antoinette_Tonnelat_01.jpg,,,,https://fr.wikipedia.org/wiki/Marie-Antoinette_Tonnelat,Q3291558
579,Maurizio Torrini,1942-11-19,2019-05-22,Homme,,,,,,,,,,,,,Q27999693
580,Imre Toth,1921-12-26,2010-11-05,Homme,,,,,,,,,,,,https://fr.wikipedia.org/wiki/Imre_T%C3%B3th_(philosophe),Q558715
581,Jean-Joseph Tricot-Royer,1875-10-20,1951-01-01,Homme,,,,,,,,file_uploads/ulf_699_tricot-royer.jpg,Légion d'honneur,10160,,,Q97767576
582,Johannes Tropfke,1866-10-14,1939-10-11,Homme,1938-06-03,,,,,,,https://upload.wikimedia.org/wikipedia/commons/0/0e/JohannesTropfkePortrait.jpg,,,,,Q103468
583,Clifford Truesdell,1919-02-18,2000-01-14,Homme,,,,,,,,file_uploads/ulf_671_Clifford_Truesdell.jpg,,,18.3.10,https://fr.wikipedia.org/wiki/Clifford_Truesdell,Q950146
584,Alexander Tschirsch,1856-10-17,1939-02-12,Homme,,,,,,,,file_uploads/ulf_612_Alexander_Tschirch.jpg|file_uploads/ulf_613_Alexander.Tschirsch.jpg,,,,https://en.wikipedia.org/wiki/Alexander_Tschirch,Q75096
585,Gérard Turner,1926-01-22,2012-07-19,Homme,1999-05-05,,,,,,,,,,,,Q70733815
586,Guido Ucelli di Nemi,1885-08-25,1964-08-23,Homme,1958-08-21,,,,,,,,,,,https://it.wikipedia.org/wiki/Guido_Ucelli,Q3779489
587,Edgar Underwood,1899-01-01,1980-06-03,Homme,,,,,,,,file_uploads/ulf_578_Underwood.jpg,,,,,Q27490425
588,Pedro Bosch Gimpera,1891-03-22,1974-09-10,Homme,,,,,,,,file_uploads/ulf_530_Pere_Bosch-Gimpera.jpg,,,,,Q965486
589,Ahmed Süheyl Unver,1898-02-17,1986-02-14,Homme,,,,,,,,https://upload.wikimedia.org/wikipedia/tr/c/c5/S%C3%BCheyl_%C3%9Cnver.jpg,,,,https://tr.wikipedia.org/wiki/S%C3%BCheyl_%C3%9Cnver,Q4475622
590,George Urdang,1882-06-13,1960-08-05,Homme,,,,,,,,https://upload.wikimedia.org/wikipedia/commons/d/d9/George_Urdang.jpg,,,,,Q28976436
591,Georg Uschmann,1913-10-18,1986-09-13,Homme,,,,,,,,,,,,,Q15906550
592,Giovanni Vacca,1872-11-18,1953-06-01,Homme,,,,,,,,file_uploads/ulf_614_Giovanni.Vacca.jpg,,,,https://fr.wikipedia.org/wiki/Giovanni_Vacca,Q1394744
593,Éva Vámos,1950-05-22,2015-07-25,Femme,2010-04-12,,,,,,,,,,,,Q21065215
594,Johanna Van Cittert-Eymers,1903-06-19,1988-10-22,Femme,,,,,,,,https://upload.wikimedia.org/wikipedia/commons/f/ff/Portret_van_mw._dr._J.G._van_Cittert-Eymers._1963.jpg,,,,https://en.wikipedia.org/wiki/Johanna_Geertruida_van_Cittert-Eymers,Q2929162
595,Baudouin Van Den Abeele,1961-01-01,,Homme,2016-12-17,,,,,,,,Prix des jeunes historiens,9567,,,Q55950426
596,Bartel Van Der Waerden,1903-02-02,1996-01-12,Homme,,,,,,,,file_uploads/ulf_674_Waerden.jpg,,,,https://fr.wikipedia.org/wiki/Bartel_Leendert_van_der_Waerden,Q287097
597,Walter Van Wijk,1887-01-23,1961-11-14,Homme,,,,,,,,,,,,https://nl.wikipedia.org/wiki/Walter_van_Wijk,Q1967335
598,Geert Vanpaemel,1955-01-01,,Homme,,,,,,,,,,,,,Q55624784
599,Carl Boyer,1906-03-11,1976-04-26,Homme,1961-02-20,,,,,,,file_uploads/ulf_655_Carl_Benjamin_Boyer.png,,,,https://fr.wikipedia.org/wiki/Carl_Benjamin_Boyer,Q983561
600,Fernando de Vasconcelos,1874-03-26,1944-02-11,Homme,1935-04-03,,,,,,,https://upload.wikimedia.org/wikipedia/commons/6/6a/Fernando_de_Almeida_Loureiro_e_Vasconcelos_%28Arquivo_Hist%C3%B3rico_Parlamentar%29.png,,,,https://pt.wikipedia.org/wiki/Fernando_de_Almeida_Loureiro_e_Vasconcelos,Q23778036
603,Francisco Vera,1888-02-26,1967-07-31,Homme,,,,,,,,"file_uploads/ulf_394_1925-11-10,_El_Liberal,_Francisco_Vera,_Ángel_de_La_Fuente.jpg",,,,https://es.wikipedia.org/wiki/Francisco_Vera_Fern%C3%A1ndez_de_C%C3%B3rdoba,Q19704252
604,Frans Verdoorn,1906-07-24,,Homme,1947-03-06,,,,,,,,,,,https://es.wikipedia.org/wiki/Frans_Verdoorn,Q5657736
605,Pedro Vitorino,1882-01-20,1944-10-01,Homme,,,,,,,,"file_uploads/ulf_395_Pedro_Vitorino_by_Armando_de_Basto,_oil_on_canvas_-_Museu_Nacional_de_Soares_dos_Reis_-_Porto,_Portugal_-_DSC00727.jpg",,,,,Q94628893
606,Waldemar Voisé,1920-07-18,1995-01-01,Homme,1974-02-18,,,,,,,,,,,https://pl.wikipedia.org/wiki/Waldemar_Vois%C3%A9,Q68918750
608,Cornelis de Waard,1879-08-19,1963-06-05,Homme,,,,,,,,file_uploads/ulf_672_Waard.jpg,,,,https://fr.wikipedia.org/wiki/Cornelis_de_Waard,Q2997497
609,Ling Wang,1918-12-23,1994-06-26,Homme,1947-03-06,,,,,,,,,,19.1.2,https://en.wikipedia.org/wiki/Wang_Ling_(historian),Q7967543
610,Wouter Win Elie Bracke,1965-01-06,,Homme,,,,,,,,,,,,,Q111252055
611,Masao Watanabe,1920-06-07,2005-05-04,Homme,,,,,,,,,,,,https://ja.wikipedia.org/wiki/%E6%B8%A1%E8%BE%BA%E6%AD%A3%E9%9B%84,Q11562355
612,André Weil,1906-06-05,1998-06-08,Homme,1991-01-30,,,,,,,file_uploads/ulf_396_André_Weil_cropped.jpg,,,,https://fr.wikipedia.org/wiki/Andr%C3%A9_Weil,Q323232
613,Henry Welch,1850-08-04,1905-04-17,Homme,,,,,,,,file_uploads/ulf_397_William_Henry_Welch_2.jpg,,,,https://fr.wikipedia.org/wiki/William_Welch,Q174743
614,Max Wellmann,1863-03-15,1933-09-10,Homme,1930-02-15,,,,,,,,,,,https://de.wikipedia.org/wiki/Max_Wellmann,Q1913599
615,Richard Samuel Westfall,1924-04-22,1996-08-21,Homme,1930-02-15,,,,,,,,Médaille Sarton,10084,,,Q1074715
616,Lynn Townsend  Jr White,1907-04-29,1987-03-30,Homme,1971-01-11,,,,,,,,,,,"https://fr.wikipedia.org/wiki/Lynn_Townsend_White,_jr",Q983820
617, Whiteside,1932-07-23,2008-04-22,Homme,,,,,,,,file_uploads/ulf_654_Whiteside.PNG,Médaille Koyré|Médaille Sarton,9568|10084,,https://en.wikipedia.org/wiki/Tom_Whiteside,Q1200127
618,Magda Whitrow,1914-06-06,2011-02-01,Femme,,,,,,,,,,,,,Q68916576
619,Gerald Whitrow,1912-09-06,2000-02-06,Homme,1966-10-15,,,,,,,file_uploads/ulf_398_GJWhitrowSktch.jpg,,,,https://fr.wikipedia.org/wiki/Gerald_James_Whitrow,Q3710220
620,Gweneth Whitteridge,1910-10-20,1993-03-09,Femme,,,,,,,,,,,,,Q55418927
621,Paolo Brenni,1954-03-20,2021-04-12,Homme,,,,,,,,,,,,,Q117288194
622,Heinrich Wieleitner,1874-12-31,1931-12-27,Homme,1929-05-21,,,,,,,file_uploads/ulf_307_Heinrich.Wieleitner.1874-1931.C019-E023.preview.jpg,,,,,Q101688
623,William Wightman,1899-04-06,,Homme,1961-02-20,,,,,,,,,,,https://fr.wikipedia.org/wiki/William_Wightman,Q55990337
624,James Wilkie,1906-02-14,1982-04-14,Homme,,,,,,,,,,,,,Q52406856
625,L. Williams,1927-08-09,2015-08-02,Homme,1971-01-11,,,,,,,,,,,https://fr.wikipedia.org/wiki/L._Pearce_Williams,Q6456593
626,Curtis A. Wilson,1921-04-08,2012-08-23,Homme,1986-11-30,,,,,,,,,,,,Q110089469
627,Leonard Wilson,1906-01-01,1998-01-01,Homme,,,,,,,,,,,,,Q21612780
628,Eduard Winter,1905-03-10,1982-03-03,Homme,1968-08-21,,,,,,,,,,,https://de.wikipedia.org/wiki/Eduard_Winter,Q87073
630,Dirk Wittop Koning,1911-01-01,2001-12-25,Homme,,,,,,,,file_uploads/ulf_707_Wittop_Koning.jpg,,,,,Q94509089
631,Kenneth Wong,,,Homme,1966-10-15,,,,,,,,,,,,Q82836223
632,Alain Brieux,1922-08-05,1985-10-13,Homme,,,,,,,,file_uploads/ulf_481_Alain_Brieux.jpg,,,,https://fr.wikipedia.org/wiki/Alain_Brieux,Q104178312
633,Ming Wong,1926-03-31,1989-01-27,Homme,,,,,,,,,,,19.3.2,,Q109811257
634,Harry Woolf,1923-12-08,2003-06-01,Homme,1971-01-11,,,,,,,file_uploads/ulf_713_Harry Woolf.jpg,,,,https://en.wikipedia.org/wiki/Harry_Woolf_(historian),Q2655250
635,John Wright,1891-11-30,1969-03-24,Homme,,,,,,,,file_uploads/ulf_616_John.Kirtland.Wright.jpg,,,,https://fr.wikipedia.org/wiki/John_Kirtland_Wright,Q6243229
636,Adam Wrzosek,1875-06-05,1965-02-26,Homme,,,,,,,,file_uploads/ulf_401_Adam_Wrzosek.jpg,,,,,Q9140524
637,Lien-Teh Wu,1879-10-03,1960-01-21,Homme,,,,,,,,file_uploads/ulf_402_Wu_Lien-teh_-_c._1910–1915.jpg,,,,,Q1036871
638,Hans Wußing,1927-10-15,2011-04-26,Homme,1981-03-20,,,,,,,file_uploads/ulf_252_hans-wussing.preview.jpg,Prix Kenneth O. May,10124,,https://fr.wikipedia.org/wiki/Hans_Wussing,Q91385
639,Zezong Xi,1927-06-06,2008-12-27,Homme,1993-10-09,,,,,,,,,,,https://en.wikipedia.org/wiki/Xi_Zezong,Q2357108
640,Kiyosi Yabuuti,1906-12-02,2000-02-06,Homme,1965-06-26,,,,,,,file_uploads/ulf_710_Yabuuti.jpg,Médaille Sarton,10084,,https://fr.wikipedia.org/wiki/Yabuuchi_Kiyoshi,Q1531946
641,Suketoshi Yajima,1903-02-05,1995-12-08,Homme,1958-08-21,,,,,,,file_uploads/ulf_309_Suketoshi.Yajima.1902-1995.C177-E102.preview.jpg,,,,,Q11584075
643,Janet Browne,1950-03-30,2005-12-28,Femme,2010-12-04,,,,,,,https://upload.wikimedia.org/wikipedia/commons/6/66/Janet_Browne%2C_HSS_2008.jpg,,,,https://fr.wikipedia.org/wiki/Janet_Browne,Q6153222
644,Mitukuni Yoshida,1905-04-04,1905-06-13,Homme,,,,,,,,,,,,https://ja.wikipedia.org/wiki/%E5%90%89%E7%94%B0%E5%85%89%E9%82%A6,Q11413608
645,Francesco Zagar,1900-11-30,1976-02-17,Homme,,,,,,,,file_uploads/ulf_403_Prof_Francesco_Zagar.jpg,,,,https://it.wikipedia.org/wiki/Francesco_Zagar,Q17614733
646,Bruno Zanobio,1926-09-13,2015-07-16,Homme,,,,,,,,file_uploads/ulf_404_Bruno_Zanobio.jpg,,,,https://it.wikipedia.org/wiki/Bruno_Zanobio,Q22003304
647,Rudolph Zaunick,1893-08-26,1967-11-13,Homme,1963-12-13,,,,,,,file_uploads/ulf_548_Zaunick.jpeg,,,,https://de.wikipedia.org/wiki/Rudolph_Zaunick,Q2174498
648,Lev Zenkevi?,1889-04-06,1970-06-20,Homme,,,,,,,,file_uploads/ulf_551_Zenkevich.jpg,,,,https://ro.wikipedia.org/wiki/Lev_Zenkevici,Q4191413
650,Ernst Zinner,1886-02-02,1970-08-30,Homme,1961-02-20,,,,,,,file_uploads/ulf_310_Ernst.Zinner.1886-1970.C038-E117.preview.jpg,,,,https://fr.wikipedia.org/wiki/Ernst_Zinner,Q70292
651,Conway Zirkle,1895-10-28,1972-03-28,Homme,,,,,,,,,,,,https://en.wikipedia.org/wiki/Conway_Zirkle,Q16515008
652,Vasilij Zubov,1900-01-08,1963-08-04,Homme,1960-02-15,,,,,,,file_uploads/ulf_555_Pavlovi?.jpg,Médaille Sarton,10084,,https://en.wikipedia.org/wiki/Vasily_Zubov,Q2552118
653,John Berggren,,,Homme,,,,,,,,,,,,,Q124310774
654,Evert M. Bruins,1909-04-01,1990-11-20,Homme,1971-11-01,,,,,,,,,,,,Q20859115
655,Stephen Brush,1935-12-02,,Homme,2005-12-28,,,,,,,,,,,,Q1763302
656,Jed Buchwald,1949-04-25,,Homme,1995-02-02,,,,,,,file_uploads/ulf_406_Cropped_-_Jed_Buchwald_-_Bacon_Prize_introduction_2009.jpg,,,,https://fr.wikipedia.org/wiki/Jed_Z._Buchwald,Q1030769
657,David Cassidy,1945-01-01,,Homme,,,,,,,,,,,,,Q1173893
658,Harold Cook,1952-01-01,,Homme,,,,,,,,,,,,https://fr.wikipedia.org/wiki/Harold_J._Cook,Q5660339
659,Angela Creager,1963-01-01,,Femme,,,,,,,,file_uploads/ulf_407_640px-Angela_Creager_CHF-Synthesis-Lecture-013_2014.jpg,,,,https://fr.wikipedia.org/wiki/Angela_Creager,Q20745375
660,Joseph Warren Dauben,1944-12-29,,Homme,1991-01-30,,,,,,,file_uploads/ulf_408_Joseph_Dauben_en_1989_(IHCM).jpg,,,,https://fr.wikipedia.org/wiki/Joseph_Dauben,Q1708166
661,Peter Dear,1958-03-03,,Homme,,,,,,,,,,,,,Q20429301
662,Bruce Stansfield Eastwood,1938-01-01,,Homme,2007-01-12,,,,,,,,,,9.1.1,,Q107337382
663,Mordechai Feingold,1951-08-25,,Homme,,,,,,,,,,,,,Q80131050
664,Peter Galison,1955-01-01,,Homme,2005-12-28,,,,,,,"file_uploads/ulf_409_Peter_Galison,_HSS_2007.jpg",,,,https://fr.wikipedia.org/wiki/Peter_Galison,Q444025
665,Léon Brunschvicg,1869-10-11,1944-01-18,Homme,1936-02-10,,,,,,,,,,,https://fr.wikipedia.org/wiki/L%C3%A9on_Brunschvicg,Q951066
666,Bernard Goldstein,1938-01-29,,Homme,1986-11-30,,,,,,,,,,,https://fr.wikipedia.org/wiki/Bernard_R._Goldstein,Q4893562
667,Loren R. Graham,1933-06-29,1984-09-11,Homme,,,,,,,,,,,,https://en.wikipedia.org/wiki/Loren_Graham,Q1972782
668,Frederick Gregory,1942-01-01,,Homme,,,,,,,,file_uploads/ulf_698_Gregory.jpg,,,,https://fr.wikipedia.org/wiki/Frederick_Gregory_(historien),Q107232557
669,Anita Guerrini,1953-01-01,2015-05-30,Femme,,,,,,,,file_uploads/ulf_410_Anita_Guerrini.jpg,,,,https://fr.wikipedia.org/wiki/Anita_Guerrini,Q68566178
670,Thomas Hankins,1933-09-09,,Homme,,,,,,,,,Médaille Sarton,10084,,https://de.wikipedia.org/wiki/Thomas_L._Hankins,Q15446686
671,John Heilbron,1934-03-17,2023-05-11,Homme,1997-05-28,,,,,,,,Médaille Sarton|Médaille Koyré,10084|9568,,https://fr.wikipedia.org/wiki/John_L._Heilbron,Q1700413
672,Myles W. Jackson,1905-05-17,2012-07-12,Homme,,,,,,,,,,,,,Q6947679
673,Michel Janssen,1960-01-01,,Homme,,,,,,,,,,,,,Q112493816
674,Daniel Kevles,1939-02-03,,Homme,2010-04-12,,,,,,,"file_uploads/ulf_411_Daniel_J._Kevles,_HSS_2007.jpg",Médaille Sarton,10084,,https://fr.wikipedia.org/wiki/Daniel_Kevles,Q5217796
675,Diana Kormos-Buchwald,1956-05-22,2015-05-30,Femme,,,,,,,,,,,,https://fr.wikipedia.org/wiki/Diana_Kormos-Buchwald,Q1208850
676,Eric John Aiton,1920-08-09,1991-02-22,Homme,,,,,,,,file_uploads/ulf_703_Aiton.jpg,,,,,Q29212036
677,Heinrich Buess-Kuny,1911-05-17,1984-12-31,Homme,1971-01-11,,,,,,,,,,,https://de.wikipedia.org/wiki/Heinrich_Buess,Q15078913
678,Richard Kremer,,,Homme,,,,,,,,,,,,,Q91091909
679,Gerhard Krige,1941-09-26,,Homme,2012-07-12,,,,,,,,Médaille Koyré,9568,,https://fr.wikipedia.org/wiki/John_Krige,Q6243445
680,Edward Larson,1953-09-21,,Homme,2019-05-25,,,,,,,file_uploads/ulf_539_Larson.jpg,,,,https://fr.wikipedia.org/wiki/Edward_J._Larson,Q5343656
682,James McClellan,1926-03-22,2016-11-26,Homme,2007-01-12,,,,,,,,,,,https://en.wikipedia.org/wiki/James_E._McClellan,Q27924874
683,Russel McCormmach,1933-09-10,,Homme,,,,,,,,,,,,,Q2176938
684,Michael McVaugh,1938-09-12,,Homme,2002-05-28,,,,,,,,Médaille Sarton,10084,,https://de.wikipedia.org/wiki/Michael_R._McVaugh,Q15446684
685,William Newman,1955-01-01,,Homme,2015-05-30,,,,,,,file_uploads/ulf_540_William_Newman.jpg,Prix des jeunes historiens,9567,,https://fr.wikipedia.org/wiki/William_R._Newman,Q8017256
686,Jeffrey Oaks,,,Homme,,,,,,,,,,,,,Q102195033
687,Michael Osborne,1905-06-04,,Homme,2016-12-17,,,,,,,,,,,https://en.wikipedia.org/wiki/Michael_Osborne_(academic),Q92966980
688,Jerzy Bukowski,1902-11-23,1982-01-06,Homme,,,,,,,,https://upload.wikimedia.org/wikipedia/commons/6/67/Jerzy_Bukowski.jpg,,,,https://pl.wikipedia.org/wiki/Jerzy_Bukowski_(profesor),Q8860691
689,Karen Parshall,1955-07-07,,Femme,2016-12-17,,,,,,,,,,,https://fr.wikipedia.org/wiki/Karen_Parshall,Q1729266
690,Kim Plofker,1964-11-25,,Femme,,,,,,,,,,,,https://fr.wikipedia.org/wiki/Kim_Plofker,Q1741562
691,Theodore Porter,1953-03-12,,Homme,2010-04-12,,,,,,,"file_uploads/ulf_414_Theodore_M._Porter,_HSS_2007.jpg",Médaille Sarton,10084,,https://fr.wikipedia.org/wiki/Theodore_M._Porter,Q7781903
692,Lawrence Principe,1962-05-16,,Homme,2015-05-30,,,,,,,file_uploads/ulf_541_Lawrence_Principe.jpg,,,,https://en.wikipedia.org/wiki/Lawrence_M._Principe,Q6504357
693,Lewis Pyenson,1947-09-26,2005-12-28,Homme,,,,,,,,,,,,,Q93239988
694,Jon Roberts,,2010-04-12,Homme,,,,,,,,,,,,,Q102303799
695,Francesca Rochberg,1952-08-05,2010-04-12,Femme,,,,,,,,,,,,,Q1440869
696,Alan Rocke,1948-09-29,2007-01-12,Homme,,,,,,,,,,,,,Q21540469
697,Shirley Roe,,1993-10-09,Femme,,,,,,,,,,,,,Q110669374
698,Charles Rosenberg,1936-11-11,,Homme,2019-05-25,,,,,,,,Médaille Sarton,10084,,https://fr.wikipedia.org/wiki/Charles_Rosenberg,Q5077167
700,George Saliba,1939-01-01,,Homme,2005-12-28,,,,,,,file_uploads/ulf_542_George_Saliba.jpg,,,,https://fr.wikipedia.org/wiki/George_Saliba,Q5544234
701,Michael H. Shank,1949-12-13,2010-04-12,Homme,,,,,,,,,,,,,Q62086399
702,Nancy Siraisi,1932-01-01,,Femme,2005-12-28,,,,,,,,Médaille Sarton,10084,,https://fr.wikipedia.org/wiki/Nancy_Siraisi,Q1964529
703,Hugh Slotten,1960-01-01,,Homme,,,,,,,,,,,,,Q106541839
705,Gerald James Toomer,1934-11-23,1984-09-11,Homme,2012-07-12,,,,,,,,,,,,Q1509929
706,Alain Touwaide,1953-09-19,2015-05-30,Homme,,,,,,,,file_uploads/ulf_417_Alain_Touwaide_at_History_of_Science_Society_2013_annual_meeting.jpg,,,,https://fr.wikipedia.org/wiki/Alain_Touwaide,Q2636499
707,Albert Van Helden,1940-07-03,,Homme,2005-12-28,,,,,,,,,,,https://fr.wikipedia.org/wiki/Albert_Van_Helden,Q93435863
708,Robert S. Westman,1941-01-01,1984-09-11,Homme,,,,,,,,,,,,,Q111206752
709,Norton Wise,1940-02-04,,Homme,2010-04-12,,,,,,,"file_uploads/ulf_418_M._Norton_Wise,_HSS_2007.jpg",,,,https://fr.wikipedia.org/wiki/M._Norton_Wise,Q16887085
710,Hubertus Busard,1923-08-21,2007-02-12,Homme,1971-11-01,,,,,,,,,,7.3.7,,Q1633265
711,Robert Anderson,1944-02-05,,Homme,2010-04-12,,,,,,,file_uploads/ulf_419_Robert_Anderson_Historian_MoMM_DL_036.JPG,,,,https://fr.wikipedia.org/wiki/Robert_G._W._Anderson,Q7344640
712,June Barrow-Green,1953-03-06,,Femme,,,,,,,,file_uploads/ulf_420_Barrow_green_june.jpg,,,,https://fr.wikipedia.org/wiki/June_Barrow-Green,Q1713257
714,Peter Bowler,1944-08-10,,Homme,2010-04-12,,,,,,,"file_uploads/ulf_421_Peter_J._Bowler,_HSS_2007.jpg",,,,https://fr.wikipedia.org/wiki/Peter_Bowler,Q7174853
715,William Brock,1936-01-01,,Homme,,,,,,,,,,,,,Q22582839
716,John Brooke,1944-05-20,,Homme,2012-07-12,,,,,,,file_uploads/ulf_422_John_Hedley_Brooke_crop_2012_CHF_Science_Secularization_031.jpg,,,,https://fr.wikipedia.org/wiki/John_Hedley_Brooke,Q6238513
717,Charles Burnett,1951-09-26,1999-05-05,Homme,2007-01-12,,,,,,,,,,,,Q79407892
718,Hasok Chang,1967-03-26,,Homme,,,,,,,,file_uploads/ulf_423_Hasokchang.png,,,,https://fr.wikipedia.org/wiki/Hasok_Chang,Q24238917
719,Christopher Cullen,1946-01-01,,Homme,2015-05-30,,,,,,,,,,,,Q1086599
720,Judith Field,1943-01-01,,Femme,1993-10-09,,,,,,,,,,,https://en.wikipedia.org/wiki/Judith_V._Field,Q61475828
721,Georgij Bykov,1905-03-28,1905-06-04,Homme,,,,,,,,file_uploads/ulf_482_Georgii_Bykov.jpg,,,,https://fr.wikipedia.org/wiki/Gueorgui_Bykov,Q47453271
722,Robert Fox,1938-07-10,,Homme,1986-11-30,,,,,,,file_uploads/ulf_424_Robert-Fox-CHF-Fellow-in-Focus-2013-009.jpg,Médaille Sarton|Médaille Koyré,10084|9568,,https://fr.wikipedia.org/wiki/Robert_Fox_(historien),Q22087424
723,William Gabbey,1938-01-01,,Homme,1988-11-09,,,,,,,,,,,https://en.wikipedia.org/wiki/Alan_Gabbey,Q93223145
724,Stephen Gaukroger,1950-09-07,2023-03-09,Homme,2016-12-17,,,,,,,file_uploads/ulf_425_Professor_Stephen_Gaukroger.jpg,,,,https://fr.wikipedia.org/wiki/Stephen_Gaukroger,Q7609301
725,Jeremy Gray,1947-04-25,,Homme,2005-12-28,,,,,,,,,,,https://fr.wikipedia.org/wiki/Jeremy_Gray,Q1544613
726,Michael Hunter,1949-01-01,2005-12-28,Homme,,,,,,,,file_uploads/ulf_426_Michael_Hunter_Neville_Award_2011-47.jpg,,,,https://en.wikipedia.org/wiki/Michael_Hunter_(historian),Q6831294
728,Nicholas Jardine,1943-04-09,,Homme,2015-05-30,,,,,,,,,,,,Q7027345
729,David King,1941-01-01,,Homme,1991-01-30,,,,,,,,Médaille Koyré,9568,,https://fr.wikipedia.org/wiki/David_A._King,Q1174988
730,David Livingstone,1953-03-15,,Homme,,,,,,,,file_uploads/ulf_427_David_N._Livingstone_Portrait_by_Emma_Lutton_2023.jpg,,,,https://fr.wikipedia.org/wiki/David_N._Livingstone,Q8215244
732,Konstantin Bykov,1886-08-01,1959-05-13,Homme,2007-01-12,,,,,,,file_uploads/ulf_566_Bykov.jpg,,,,https://en.wikipedia.org/wiki/Konstantin_Bykov,Q505811
733,Vivian Nutton,1943-12-21,1993-10-09,Homme,,,,,,,,,,,,https://fr.wikipedia.org/wiki/Vivian_Nutton,Q1742610
735,Jerome Ravetz,1929-01-01,,Homme,,,,,,,,file_uploads/ulf_429_JerryRavetz.png,,,,https://en.wikipedia.org/wiki/Jerome_Ravetz,Q6182884
737,Martin Rudwick,1932-03-26,,Homme,2005-12-28,,,,,,,,Médaille Sarton,10084,,https://fr.wikipedia.org/wiki/Martin_J._S._Rudwick,Q460393
738,Simon Schaffer,1955-01-01,2005-12-28,Homme,1971-01-11,,,,,,,file_uploads/ulf_430_Simon_Schaffer.2001.jpg,Médaille Sarton,10084,,https://fr.wikipedia.org/wiki/Simon_Schaffer,Q547039
739,Crombie Smith,1949-10-19,2005-12-28,Homme,,,,,,,,,,,,https://fr.wikipedia.org/wiki/Crosbie_Smith,Q71687531
740,Arnold Thackray,1939-07-30,1983-04-15,Homme,,,,,,,,file_uploads/ulf_431_Arnold_Thackray_at_podium_ID2005.jpg,,,,https://en.wikipedia.org/wiki/Arnold_Thackray,Q22677393
743,Angel Cabrera,1879-02-19,1960-08-07,Homme,,,,,,,,,,,,https://fr.wikipedia.org/wiki/%C3%81ngel_Cabrera_(zoologiste),Q742290
744,Feza Günergun,1956-01-01,,Femme,2016-12-17,,,,,,,,,,,https://tr.wikipedia.org/wiki/Feza_G%C3%BCnergun,Q1410306
750,Bernardino Fantini,1947-09-10,,Homme,2012-07-12,,,,,,,,,,582,,Q93234471
751,Klaus Hentschel,1961-04-04,,Homme,2012-07-12,,,,,,,"file_uploads/ulf_432_Hentschel,Klaus_2010_Jena.jpg",,,,https://en.wikipedia.org/wiki/Klaus_Hentschel,Q1745204
753,Erwin Neuenschwander,1942-06-25,,Homme,1993-10-09,,,,,,,,,,,,Q1363282
754,Antonio Cardoner Planas,,,Homme,,,,,,,,file_uploads/ulf_706_Cardoner.jpg,,,,,
756,Elena Ausejo,1961-01-01,,Femme,2015-05-30,,,,,,,file_uploads/ulf_708_Ausejo.jpg,,,,,Q60606782
757,Emilia Calvo Labarta,1960-04-11,,Femme,2010-04-12,,,,,,,,,,7.4.2,,Q93427677
758,Josep Casulleras,1965-01-01,,Homme,2016-12-17,,,,,,,,,,,,Q93370483
759,María Sol de Mora Charles,1946-01-24,,Femme,2012-07-12,,,,,,,,,,14.1.9,,
760,Antonio Ferraz Fayos,1928-01-15,,Homme,,,,,,,,file_uploads/ulf_676_Ferraz-Fayos.jpg,,,9.2.2,,
761,Miguel A. Granada,1949-01-01,2010-04-12,Homme,,,,,,,,,,,,,Q84615554
762,Antoni Malet,1950-02-23,,Homme,2016-12-17,,,,,,,file_uploads/ulf_691_Mallet.jpg,,,,https://fr.wikipedia.org/wiki/Antoni_Malet,Q15452736
763,Ma Rosa Massa Esteve,1954-01-01,,Femme,,,,,,,,,,,,,Q61106896
764,Ana Millán Gasca,1964-09-04,,Femme,,,,,,,,,,,,https://en.wikipedia.org/wiki/Ana_Mill%C3%A1n_Gasca,Q16559862
765,Donald Cardwell,1919-04-08,1998-08-05,Homme,,,,,,,,,,,,https://en.wikipedia.org/wiki/D._S._L._Cardwell,Q105463015
766,Victor Navarro-Brotons,1945-01-01,,Homme,2012-07-12,,,,,,,file_uploads/ulf_687_foto-victor-navarro-brotons.jpg,,,,,Q93428306
767,Agustí Nieto-Galan,1960-01-01,,Homme,,,,,,,,,,,,,Q57904060
768,Roser Puig Aguilar,1957-10-10,,Femme,2002-05-28,,,,,,,,,,15.5.6,,Q65335354
769,Antoni Roca-Rosell,1951-10-23,2010-04-12,Homme,,,,,,,,,,,,https://ca.wikipedia.org/wiki/Antoni_Roca_i_Rosell,Q16168061
770,Lay-Yong Lam,1936-12-02,,Femme,1995-02-02,,,,,,,,,,,https://fr.wikipedia.org/wiki/Lam_Lay_Yong,Q435599
772,Yury Baturin,1905-05-02,2012-07-12,Homme,,,,,,,,file_uploads/ulf_434_Yuri_Baturin_2001.jpg,,,,https://fr.wikipedia.org/wiki/Iouri_Batourine,Q520760
775,Sergey Demidov,1942-12-30,,Homme,1993-10-09,,,,,,,file_uploads/ulf_435_Sergueï_Sergueïevitch_Demidov.jpg,Prix des jeunes historiens,9567,,https://fr.wikipedia.org/wiki/Sergue%C3%AF_Sergue%C3%AFevitch_Demidov,Q4157494
776,Paulo Carneiro de Berredo,1901-10-04,1982-02-02,Homme,,,,,,,,file_uploads/ulf_531_Carneiro.jpg,,,,https://pt.wikipedia.org/wiki/Paulo_Carneiro,Q10346491
777,Olga Elina,1958-01-25,,Femme,,,,,,,,file_uploads/ulf_553_Elina_Olga.jpg,,,,,Q120667341
778,Galina Matvievskaa?,1930-07-13,1991-01-30,Femme,1995-02-02,,,,,,,,,,,https://fr.wikipedia.org/wiki/Galina_Matvievska%C3%AFa,Q4284676
779,Aleksej Postnikov,1939-03-28,,Homme,2010-04-12,,,,,,,file_uploads/ulf_437_AlexeiPostnikov.jpg,,,,https://fr.wikipedia.org/wiki/Alexe%C3%AF_Postnikov,Q4374243
780,Evgeniy Velikhov,1935-02-02,,Homme,,,,,,,,file_uploads/ulf_438_Ievgeny_Vyelihov_1.jpeg,,,,https://fr.wikipedia.org/wiki/Evgueni_Velikhov,Q4106859
781,Vladimir Vizgin,1936-12-19,2010-04-12,Homme,,,,,,,,file_uploads/ulf_439_Vizgin_VP.jpg,,,,https://et.wikipedia.org/wiki/Vladimir_Vizgin,Q21092034
787,Luís Mendoça de Albuquerque,1917-06-03,1992-01-22,Homme,,,,,,,,,,,,https://fr.wikipedia.org/wiki/Luis_de_Albuquerque,Q931196
788,Bento Carqueja,1860-06-11,1935-02-08,Homme,,,,,,,,,,,,,Q9654655
789,Ana Simões,,2012-07-12,Femme,,,,,,,,,,,,https://pt.wikipedia.org/wiki/Ana_Sim%C3%B5es,Q48892293
790,Michal Kokowski,1961-01-01,2015-05-30,Homme,,,,,,,,,,,,,Q11778895
791,Jaroslaw Wlodarczyk,1961-01-01,2015-05-30,Homme,,,,,,,,,,,,https://pl.wikipedia.org/wiki/Jaros%C5%82aw_W%C5%82odarczyk_(astronom),Q11721046
792,Marcos Cueto,1957-04-16,,Homme,,,,,,,,,,,,,Q5996523
793,Hendrik Bos,1940-07-17,2024-02-12,Homme,1988-11-09,,,,,,,file_uploads/ulf_651_Bos_Henk.jpg|file_uploads/ulf_649_Bos.jpg,Prix Kenneth O. May,10124,,https://fr.wikipedia.org/wiki/Henk_Bos,Q466783
794,Floris Cohen,1946-01-07,,Homme,2012-07-12,,,,,,,file_uploads/ulf_441_Floris_Cohen_-_2010.jpg,,,,https://en.wikipedia.org/wiki/Floris_Cohen,Q512402
795,Jan Hogendijk,1955-07-21,,Homme,1993-10-09,,,,,,,,,,,https://en.wikipedia.org/wiki/Floris_Cohen,Q1681854
796,Ernst Homburg,1952-02-08,2010-04-12,Homme,,,,,,,,file_uploads/ulf_442_Ernst_Homburg_(2).jpg,,,,https://en.wikipedia.org/wiki/Ernst_Homburg,Q63344344
797,Anne Kox,1948-01-01,2012-07-12,Homme,,,,,,,,,,,,,Q565441
798,Henk Kubbinga,1949-01-01,2012-07-12,Homme,,,,,,,,,,,,,Q113836892
799,Joaquín Carreras y Artau,1894-08-14,1968-12-08,Homme,,,,,,,,file_uploads/ulf_709_Carreras.jpg,,,,https://en.wikipedia.org/wiki/Joaquim_Carreras_i_Artau,Q1284773
801,Ida Stamhuis,1952-01-01,2010-04-12,Femme,,,,,,,,,,,,,Q76389463
808,Jeanne Peiffer,1948-08-20,,Femme,1999-05-05,,,,,,,,,,,https://fr.wikipedia.org/wiki/Jeanne_Peiffer,Q13103285
809,Yung Sik Kim,1947-01-01,,Homme,,,,,,,,,,,,,Q94517079
810,Adriano Carugo,,2020-08-13,Homme,,,,,,,,,,,7.5.3,,
811,Keizo Hashimoto,1897-01-01,1993-01-22,Homme,,,,,,,,file_uploads/ulf_704_Hashimoto.jpg,,,,https://ja.wikipedia.org/wiki/%E6%A9%8B%E6%9C%AC%E6%95%AC%E4%B8%89,Q11543952
812,Takehiko Hashimoto,1957-10-06,,Homme,,,,,,,,,,,,,Q11543985
815,Michio Yano,1944-01-06,,Homme,1997-05-28,,,,,,,,,,,https://ja.wikipedia.org/wiki/%E7%9F%A2%E9%87%8E%E9%81%93%E9%9B%84,Q11584444
816,Carmela Baffioni,1951-12-29,,Femme,,,,,,,,,,,,https://de.wikipedia.org/wiki/Carmela_Baffioni,Q1043536
817,Ugo Baldini,1943-01-01,,Homme,2015-05-30,,,,,,,,,,,,Q15452467
819,Marco Beretta,1962-09-20,,Homme,2015-05-30,,,,,,,,Prix des jeunes historiens,9567,,https://fr.wikipedia.org/wiki/Marco_Beretta,Q55620812
821,Paolo Casini,1932-02-13,,Homme,,,,,,,,,,,,https://es.wikipedia.org/wiki/Paolo_Casini,Q11068051
822,Maria Borgato,1950-01-01,,Femme,,,,,,,,,,,,,Q61472844
823,Umberto Bottazzini,1947-01-01,,Homme,,,,,,,,,,,,,Q2478100
824,Massimo Bucciantini,1952-09-25,,Homme,,,,,,,,,,,,,Q27999684
826,Cecilia Campa,1954-01-01,,Femme,,,,,,,,,,,,,Q108653052
827,Stefano Caroti,1949-01-01,,Homme,,,,,,,,,,,,,Q93239215
828,Guido Cimino,1944-10-21,,Homme,2002-05-28,,,,,,,,,,,,Q93435641
829,Antonio Clericuzio,1958-02-10,,Homme,,,,,,,,,,,,https://de.wikipedia.org/wiki/Antonio_Clericuzio,Q18221610
830,Maria Conforti,1961-04-05,,Femme,,,,,,,,,,,,,Q87249600
832,Ugo Cassina,1897-01-04,1964-06-10,Homme,1963-06-26,,,,,,,https://upload.wikimedia.org/wikipedia/commons/a/aa/UgoCassina.jpg,,,,https://fr.wikipedia.org/wiki/Ugo_Cassina,Q4002767
833,Chiara Crisciani,1946-05-18,,Femme,,,,,,,,,,,,,Q93387685
834,Patrizia Delpiano,1963-01-01,,Femme,,,,,,,,,,,,,Q93240621
835,Mauro Di Giandomenico,1942-12-21,,Homme,,,,,,,,file_uploads/ulf_443_Prof._Mauro_Di_Giandomenico.jpg,,,,https://it.wikipedia.org/wiki/Mauro_Di_Giandomenico,Q24239777
836,Graziella Federici Vescovini,1933-01-01,,Femme,1993-10-09,,,,,,,,,,,,Q63313069
837,Raffaella Franci,1940-01-01,,Femme,,,,,,,,,,,,,Q61475966
838,Paolo Freguglia,1944-08-01,,Homme,2015-05-30,,,,,,,,,,,,Q61476030
839,Paolo Galluzzi,1942-01-01,,Homme,1991-01-30,,,,,,,,,,,,Q3894082
841,Livia Giacardi,1952-11-22,,Femme,,,,,,,,,,,,,Q93252597
842,Enrico Giusti,1940-10-28,2024-03-26,Homme,2005-12-28,,,,,,,,,,,https://fr.wikipedia.org/wiki/Enrico_Giusti,Q628123
843,Arturo Castiglioni,1874-10-04,1952-01-21,Homme,1948-01-04,,,,,,,https://upload.wikimedia.org/wikipedia/commons/b/b6/Arturo_Castiglioni.jpg,,,,https://en.wikipedia.org/wiki/Arturo_Castiglioni,Q3624514
844,Niccolò Guicciardini,1957-05-28,,Homme,2012-07-12,,,,,,,,,,,,Q19566581
846,Paolo Mancosu,1960-01-01,,Homme,,,,,,,,,,,,,Q102121448
847,Innocenzo Mazzini,1940-01-01,,Homme,,,,,,,,,,,,,Q110190187
849,Maria Monti,1955-01-01,2015-05-30,Femme,,,,,,,,,,,,,Q56000233
850,Pier Napolitani,1951-01-01,,Homme,2015-05-30,,,,,,,,,,,,Q102290338
852,Giuliano Pancaldi,1946-10-23,,Homme,2007-01-12,,,,,,,,,,,https://en.wikipedia.org/wiki/Giuliano_Pancaldi,Q61481075
854,Maurice Caullery,1868-05-09,1958-07-13,Homme,1950-03-15,,,,,,,file_uploads/ulf_386_Asistentes_19_Caullery.jpg,,,,https://fr.wikipedia.org/wiki/Maurice_Caullery,Q919914
855,Luigi Pepe,1947-03-08,,Homme,2015-05-30,,,,,,,file_uploads/ulf_445_LuigiPepe.jpg,,,,https://it.wikipedia.org/wiki/Luigi_Pepe_(matematico),Q61481200
856,Stefano Poggi,1947-01-01,2010-04-12,Homme,,,,,,,,,,,,,Q87400673
858,Clara Silvia Roero,1952-06-14,2010-04-12,Femme,,,,,,,,,,,,,Q106977989
860,Amneris Roselli,1949-01-01,,Femme,,,,,,,,,,,,,Q52192703
861,Arcangelo Rossi,1947-03-12,2005-12-28,Homme,,,,,,,,,,,,,Q93234316
862,Rossana Tazzioli,1962-01-01,,Femme,,,,,,,,file_uploads/ulf_694_tazzioli.jpg,,,,,Q93380898
864,Laura Toti Rigatelli,1941-01-01,1993-10-09,Femme,,,,,,,,,,,,,Q99218207
865,Maurice-Louis Caveing,1923-09-06,2019-06-09,Homme,1986-11-30,,,,,,,,,,,https://fr.wikipedia.org/wiki/Maurice_Caveing,Q532542
866,Jean-Robert Armogathe,1947-06-07,,Homme,2012-07-12,,,,,,,,,,,,Q3169939
867,Bruno Belhoste,1952-06-14,,Homme,,,,,,,,,,,,,Q43958692
868,Hourya Benis-Sinaceur,1940-11-10,,Femme,,,,,,,,file_uploads/ulf_446_Sinaceur.jpg,,,,https://fr.wikipedia.org/wiki/Hourya_Benis_Sinaceur,Q5913483
869,Bernadette Bensaude-Vincent,1949-07-07,,Femme,,,,,,,,,Médaille Sarton,10084,,https://fr.wikipedia.org/wiki/Bernadette_Bensaude-Vincent,Q2897345
870,Claude Blanckaert,1952-06-18,,Homme,,,,,,,,,,,,,Q2977027
871,Jean-Patrice Boudet,1957-01-01,,Homme,,,,,,,,,,,,,Q50308702
873,Patrice Bret,1949-02-28,,Homme,2015-05-30,,,,,,,file_uploads/ulf_447_Patrice_Bret_2018_Franklin_Lavoisier_Medal.png,,,,https://fr.wikipedia.org/wiki/Patrice_Bret,Q60737012
874,Jean Ceard,1936-01-01,,Homme,,,,,,,,,,,,,Q55950112
876,Carlos Chagas,1879-09-07,1965-06-26,Homme,,,,,,,,file_uploads/ulf_573_Carlos_Chagas_Filho.png,,,,https://en.wikipedia.org/wiki/Carlos_Chagas_Filho,Q1042813
878,Pietro Corsi,1948-07-20,,Homme,,,,,,,,file_uploads/ulf_448_Pietro_Corsi.jpg,,,,https://fr.wikipedia.org/wiki/Pietro_Corsi,Q25649185
882,Olivier Darrigol,1955-12-05,,Homme,2019-05-25,,,,,,,,,,,,Q2020813
884,Suzanne Débarbat,1928-04-09,,Femme,2002-05-28,,,,,,,,,,,,Q30118593
885,Christiane Demeulenaere-Douyère,1948-08-08,,Femme,,,,,,,,,,,,,Q15059378
886,Jean Dhombres,1942-08-27,,Homme,1991-01-30,,,,,,,file_uploads/ulf_449_Jean_Dhombres.jpg,,,,https://fr.wikipedia.org/wiki/Jean_Dhombres,Q3171737
887,Catherine Chevalley,1951-01-01,2022-01-27,Femme,,,,,,,,,,,,,Q2941857
888,Maria Pia Donato,1967-01-01,,Femme,,,,,,,,,,,,,Q55620189
892,Martine Groult,1948-04-17,2010-04-12,Femme,,,,,,,,,,,,https://fr.wikipedia.org/wiki/Martine_Groult,Q58821366
893,Alexandre Herlea,1942-11-10,,Homme,2005-12-28,,,,,,,file_uploads/ulf_450_Alexandru_Ioan_Herlea.jpg,,,,https://fr.wikipedia.org/wiki/Alexandre_Herlea,Q12720344
896,Danielle Jacquart,1947-06-11,,Femme,1993-10-09,,,,,,,,,,,https://fr.wikipedia.org/wiki/Danielle_Jacquart,Q25391761
899,Pao-Tsung Ch'Ien,1892-05-29,1974-01-05,Homme,,,,,,,,,,,7.6.2,,
900,Jacques Jouanna,1935-05-27,,Homme,,,,,,,,,,,,,Q1491032
901,Vincent Jullien,1953-01-21,,Homme,2010-04-12,,,,,,,,,,,,Q93226324
902,Didier Kahn,2000-01-01,2016-12-17,Homme,,,,,,,,,,,,,Q18222367
903,Yves Laissus,1930-06-01,1993-10-09,Homme,,,,,,,,,,,,https://fr.wikipedia.org/wiki/Yves_Laissus,Q36156717
904,Pierre Lamard,1954-06-28,,Homme,,,,,,,,,,,,,Q95232941
905,Michel-Pierre Lerner,1943-06-11,,Homme,,,,,,,,,Médaille Koyré,9568,,,Q93232849
906,Michel Letté,,,Homme,,,,,,,,,,,,,
907,Simone Mazauric,1945-01-01,,Femme,,,,,,,,,,,,https://fr.wikipedia.org/wiki/Simone_Mazauric,Q40727201
908,Michel Morange,1950-08-23,2005-12-28,Homme,,,,,,,,,,,,,Q93241831
909,Régis Morelon,1941-06-15,1993-10-09,Homme,,,,,,,,,,,,https://fr.wikipedia.org/wiki/R%C3%A9gis_Morelon,Q55628650
910,Kezhen Zhu,1890-07-03,1974-07-02,Homme,1961-02-20,,,,,,,https://upload.wikimedia.org/wikipedia/commons/3/34/Zhu_Kezhen_01.jpg,,,,https://en.wikipedia.org/wiki/Chu_Coching,Q3373873
912,Marc Moyon,1905-05-29,,Homme,,,,,,,,,Prix des jeunes historiens,9567,,,
914,Isabelle Pantin,1952-01-01,,Femme,2016-12-17,,,,,,,,,,,https://fr.wikipedia.org/wiki/Isabelle_Pantin,Q61819355
915,Michel Paty,1938-12-03,2005-12-28,Homme,,,,,,,,file_uploads/ulf_451_Michel_Paty_2020.jpg,,,,https://fr.wikipedia.org/wiki/Michel_Paty,Q48758594
916,Alfredo Perifano,,,Homme,,,,,,,,,,,,,Q113781272
917,Dominique Pestre,1950-01-01,2005-12-28,Homme,,,,,,,,file_uploads/ulf_452_640px-Lift_France_2009_-_Dominique_Pestre_(3916403596).jpg,,,,https://fr.wikipedia.org/wiki/Dominique_Pestre,Q3035385
918,Annie Petit,1945-01-01,2010-04-12,Femme,,,,,,,,,,,,,Q95387047
919,Christine Proust,1905-05-06,,Femme,,,,,,,,,Prix Kenneth O. May,10124,,https://fr.wikipedia.org/wiki/Christine_Proust,Q6532268
920,Kapil Raj,,,Homme,,,,,,,,,,,,,Q114777657
923,François Charette,1970-01-01,,Homme,,,,,,,,,,,,,Q120720106
926,Zarko Dadic,1930-11-07,2010-04-12,Homme,1981-03-20,,,,,,,,,,,,Q3574867
927,Godefroid de Callataÿ,1966-01-01,,Homme,,,,,,,,,,,,,Q93268392
931,Zeng Guan,,,,,,,,,,,,,,,,
932,Debru Claude,1944-03-12,,Homme,2012-12-07,,,,,,,file_uploads/ulf_552_Debru.jpg,,,,https://fr.wikipedia.org/wiki/Claude_Debru,Q21791478
937,Alexander Jones,1960-01-01,,Homme,2010-12-04,,,,,,,,,,,https://fr.wikipedia.org/wiki/Alexander_Jones_(historien_des_sciences),Q15454120
938,Aleksand?r Kostov,,,Homme,,,,,,,,,,,,,
939,Anto Leikola,1937-08-06,,Homme,2007-12-01,,,,,,,file_uploads/ulf_454_Anto_Leikola.jpg,,,,https://fi.wikipedia.org/wiki/Anto_Leikola,Q11851972
941,Bernard Lightman,1950-04-30,,Homme,,,,,,,,file_uploads/ulf_455_Bernie_Lightman.jpg,,,,https://fr.wikipedia.org/wiki/Bernard_Lightman,Q4893377
942,Camille Limoges,1942-05-31,,Homme,,,,,,,,,,,,https://fr.wikipedia.org/wiki/Camille_Limoges,Q2935000
943,Bernard Cohen,1914-01-03,2003-06-20,Homme,1956-07-16,,,,,,,file_uploads/ulf_711_Bernard_Cohen.jpg,Médaille Sarton,10084,,https://fr.wikipedia.org/wiki/I._Bernard_Cohen,Q1347036
944,Dun Liu,1947-07-23,,Homme,2002-05-28,,,,,,,,Médaille Koyré,9568,13.2.8,https://zh.wikipedia.org/wiki/%E5%88%98%E9%92%9D,Q10898022
946,Peeter Müürsepp,1918-03-21,2016-12-17,Homme,2002-05-28,,,,,,,,,,,https://et.wikipedia.org/wiki/Peeter_M%C3%BC%C3%BCrsepp,Q12372209
949,Anjing Qu,1962-01-06,,Homme,2016-12-17,,,,,,,,,,,,Q104722706
950,Anne-Lise Rey,,,Femme,,,,,,,,,,,,,Q42353383
951,Sabine Rommevaux,1964-01-01,,Femme,,,,,,,,,,,,,Q93222397
952,Denis Savoie,1953-01-01,,Homme,2019-05-25,,,,,,,,,,,,Q3022924
953,Stéphane Schmitt,1972-01-01,2019-05-25,Homme,,,,,,,,,,,,,Q55626930
954,Francis Joseph Cole,1872-03-02,1959-01-27,Homme,,,,,,,,,,,,https://en.wikipedia.org/wiki/Francis_Cole,Q5480569
955,Milada Sekyrkovà,1966-05-02,,Femme,,,,,,,,,,,,,Q95167759
956,Yunli Shi,1964-01-01,,Homme,,,,,,,,,,,,,Q110109378
957,Luiz Soares de Carvalho-Junior,,,Homme,,,,,,,,,,,,,Q90906342
959,Wesley Stevens,,,Homme,2010-04-12,,,,,,,,,,,https://de.wikipedia.org/wiki/Wesley_M._Stevens,Q2563965
960,So?a Štrbá?ová,1936-01-14,2010-04-12,Femme,,,,,,,,,,,,https://cs.wikipedia.org/wiki/So%C5%88a_%C5%A0trb%C3%A1%C5%88ov%C3%A1,Q95166411
961,Xiaochun Sun,1964-01-01,,Homme,2016-12-17,,,,,,,,,,,,Q104722385
962,Petr Svobodný,1958-03-20,,Homme,,,,,,,,,,,,https://cs.wikipedia.org/wiki/Petr_Svobodn%C3%BD,Q16957131
963,Erki Tammiksaar,1969-01-12,,Homme,,,,,,,,"file_uploads/ulf_456_Bellingshauseni_ristimine_11.06.2019_(045)Erki_Tammiksaar,_geograaf_ja_teadusajaloolane.jpg",,,,https://de.wikipedia.org/wiki/Erki_Tammiksaar,Q16406350
964,François Vallat,,,Homme,,,,,,,,,,,,https://fa.wikipedia.org/wiki/%D9%81%D8%B1%D8%A7%D9%86%D8%B3%D9%88%D8%A7_%D9%88%D8%A7%D9%84%D8%A7,Q5620879
965,Mercè Comes Maymó,1949-01-01,2010-02-26,Femme,2005-12-28,,,,,,,,,,,,Q68931272
967,Jacqeline Vons,1943-01-01,2005-12-28,Femme,,,,,,,,,,,,,Q66818915
968,Siming Wang,1985-01-01,,Femme,,,,,,,,,,,,,Q123232122
969,Nicolas Weill-Parot,1968-10-10,2010-04-12,Homme,,,,,,,,,,,,,Q55628880
971,José Babini,1897-10-05,1984-05-18,Homme,1958-08-21,,,,,,,file_uploads/ulf_457_Jose_Babini.jpg,,,6.3.1,https://fr.wikipedia.org/wiki/Jos%C3%A9_Babini,Q5480713
973,Hans-Joachim Braun,1943-06-10,2016-12-17,Homme,2007-12-01,,,,,,,,,,,,Q1577264
974,David Juste,1970-01-01,,Homme,2005-12-28,,,,,,,,,,,,Q9202635
975,Andersen Kirsti,1941-09-12,,Femme,2002-05-28,,,,,,,file_uploads/ulf_440_Kirsti_Andersen_Henk_Bos.jpg,,,,,Q1743649
978,Isabelle Parmentier,,,Femme,,,,,,,,,,,,,Q113780893
979,Baichun Zhang,1965-01-01,,Homme,2019-05-25,,,,,,,,,,,,Q9083858
980,Daqing Zhang,1969-10-23,,Homme,,,,,,,,,,,,,Q197173
982,Hélène Metzger,1889-08-26,1944-07-03,Femme,1928-08-17,,,,,,,file_uploads/ulf_619_Metzger_Helene_BNF.jpg,,,,https://fr.wikipedia.org/wiki/H%C3%A9l%C3%A8ne_Metzger,Q17296722
983,Sonja Brentjes,1951-01-01,1995-02-02,Femme,2002-05-28,,,,,,,,Prix Kenneth O. May,10124,,https://fr.wikipedia.org/wiki/Sonja_Brentjes,Q14525458
984,Mirko Grmek,1924-09-01,2000-06-03,Homme,1966-10-15,,,,,,,file_uploads/ulf_630_Grmek_Mirko_Drazen.jpg|file_uploads/ulf_663_Grmek.jpg,Médaille Sarton,10084,,https://fr.wikipedia.org/wiki/Mirko_Grmek,Q938645
985,Henry Guerlac,1910-06-14,1985-05-29,Homme,1957-09-11,,,,,,,file_uploads/ulf_632_Henry.Guerlac.jpg|file_uploads/ulf_631_Guerlac_Henry.jpg,Médaille Sarton,10084,,https://fr.wikipedia.org/wiki/Henry_Guerlac,Q907710
986,Gino Loria,1862-05-19,1954-01-30,Homme,1928-06-11,,,,,,,file_uploads/ulf_459_Gino_Loria.jpg,,,,https://fr.wikipedia.org/wiki/Gino_Loria,Q926791
987,Andrea Corsini,1875-04-15,1961-04-24,Homme,1949-06-15,,,,,,,file_uploads/ulf_589_Andrea.Corsini.jpg,,,,,Q16657901
988,Fritz S. Pedersen,1945-01-01,2016-03-16,Homme,2007-01-12,,,,,,,,,,,,Q93260480
989,Charles Singer,1876-02-11,1960-10-06,Homme,1928-08-17,,,,,,,file_uploads/ulf_460_Charles_Singer.jpg,Médaille Sarton,10084,,https://fr.wikipedia.org/wiki/Charles_Singer,Q367890
990,Adolf Youschkevich,1906-07-15,1993-07-17,Homme,1965-06-26,,,,,,,file_uploads/ulf_617_Yushkevich_Adolph_Pavlovich.png|file_uploads/ulf_647_Yushkevich_Adolph_Pavlovich_1968_02.jpg|file_uploads/ulf_618_Youschkevitch.jpg|file_uploads/ulf_646_Yushkevich_Adolph_Pavlovich_19688.jpg,Médaille Koyré|Prix Kenneth O. May|Médaille Sarton,9568|10124|10084,,https://fr.wikipedia.org/wiki/Adolf_P._Youschkevitch,Q363560
991,William Shea,1937-05-16,1978-06-21,Homme,1988-11-09,,,,,,,,Médaille Koyré,9568,,https://fr.wikipedia.org/wiki/William_Ren%C3%A9_Shea,Q5408090
992,Frederick Simon Bodenheimer,1897-06-06,1959-04-10,Homme,1948-01-04,,,,,,,file_uploads/ulf_586_Frederick.Simon.Bodenheimer.jpg|file_uploads/ulf_624_Bodenheimer_Frederick_S.jpg|file_uploads/ulf_462_F._S._Bodenheimer_1935.jpg,,,,https://fr.wikipedia.org/wiki/Friedrich_Simon_Bodenheimer,Q7496986
993,Vincenzo Cappelletti,1930-02-08,2020-05-21,Homme,1981-03-20,,,,,,,,Médaille Koyré,9568,,https://fr.wikipedia.org/wiki/Vincenzo_Cappelletti,Q4013146
994,Alistair Crombie,1915-04-11,1996-09-02,Homme,1958-08-21,,,,,,,file_uploads/ulf_628_Crombie_Alistair_web.jpg,,,,https://fr.wikipedia.org/wiki/Alistair_Cameron_Crombie,Q1375992
995,Alfred Hall,1920-07-26,2009-05-02,Homme,1963-06-26,,,,,,,,Médaille Sarton,10084,,https://fr.wikipedia.org/wiki/Alfred_Rupert_Hall,Q2176530
996,Willy Hartner,1905-01-22,1981-05-16,Homme,1957-09-11,,,,,,,file_uploads/ulf_633_Hartner_Willy.jpg,,,,https://fr.wikipedia.org/wiki/Willy_Hartner,Q99857
997,José Millás Vallicrosa,1897-11-29,1970-09-26,Homme,1937-10-03,,,,,,,file_uploads/ulf_679_Josep_Maria_Millàs_Vallicrosa.jpg,,,,https://fr.wikipedia.org/wiki/Jos%C3%A9_Mar%C3%ADa_Mill%C3%A1s_Vallicrosa,Q770131
998,Ernest Coumet,1933-05-09,2003-03-01,Homme,,,,,,,,,,,,https://fr.wikipedia.org/wiki/Ernest_Coumet,Q2375340
999,Arnold Reymond,1874-03-21,1958-11-01,Homme,1947-02-10,,,,,,,file_uploads/ulf_638_Arnold.Reymond.jpg|file_uploads/ulf_637_Reymond_Arnold.jpg,,,,https://fr.wikipedia.org/wiki/Arnold_Reymond,Q4795218
1000,Karl Sudhoff,1853-11-26,1938-08-10,Homme,1928-08-17,,,,,,,file_uploads/ulf_463_Karl_Sudhoff.jpg,,,,https://fr.wikipedia.org/wiki/Karl_Sudhoff,Q72035
1001,Quido Vetter,1881-05-06,1960-10-20,Homme,1933-06-02,,,,,,,file_uploads/ulf_644_Quido.Vetter.jpg,,,,https://de.wikipedia.org/wiki/Quido_Vetter,Q29259427
1002,Johan Adriaan Vollgraff,1877-01-01,1905-05-18,Homme,1938-03-03,,,,,,,,,,,,Q55232603
1003,Pierre Sergescu,1893-12-17,1954-12-21,Homme,1935-04-03,,,,,,,file_uploads/ulf_641_Sergescu_Peter_Wikip.jpg|file_uploads/ulf_464_Sergescu.jpg,,,,https://fr.wikipedia.org/wiki/Petre_Sergescu,Q18547827
1004,Eberhard Knobloch,1943-06-11,,Homme,1988-11-09,,,,,,,file_uploads/ulf_465_Eberhard_Knobloch.jpg,Prix Kenneth O. May,10124,,https://fr.wikipedia.org/wiki/Eberhard_Knobloch,Q107336
1005,Aldo Mieli,1879-04-12,1950-02-16,Homme,1928-08-17,,,,,,,file_uploads/ulf_635_Mieli_Aldo_web.jpg|file_uploads/ulf_269_Aldo.Mieli.1879-1950.E001.preview.jpg,,,,https://fr.wikipedia.org/wiki/Aldo_Mieli,Q2885857
1006,Pierre Costabel,1912-10-25,1989-11-20,Homme,1963-06-26,,,,,,,file_uploads/ulf_627_Costabel_Pierre.jpg|file_uploads/ulf_594_Pierre.Costabel.jpg,,,,https://fr.wikipedia.org/wiki/Pierre_Costabel,Q3384532
1007,Roger Hahn,1932-05-01,2011-05-30,Homme,1983-04-15,,,,,,,,,,,,Q52158640
1008,Alexandre Koyré,1892-08-29,1964-04-28,Homme,1952-05-03,,,,,,,file_uploads/ulf_634_Koyre_Alexandre_CAK.jpg|file_uploads/ulf_563_alexandre-koyré.jpg,Médaille Sarton,10084,,https://fr.wikipedia.org/wiki/Alexandre_Koyr%C3%A9,Q319243
1009,Amado Alonso,1896-09-13,1952-05-26,Homme,,,,,,,,file_uploads/ulf_579_Amado-Alonso.jpg,,,,https://es.wikipedia.org/wiki/Amado_Alonso,Q452093
1010,George V. Coyne,1933-01-19,2020-11-02,Homme,,,,,,,,https://upload.wikimedia.org/wikipedia/commons/d/d3/GeorgeCoyne.jpg,,,,https://fr.wikipedia.org/wiki/George_Coyne,Q1507175
1011,Efthymios Nicolaìdis,1954-01-01,,Homme,2007-01-12,,,,,,,file_uploads/ulf_466_Efthymios_Nicolaidis.jpg,,,,https://fr.wikipedia.org/wiki/Efthymios_Nicolaidis,Q65163071
1012,Emmanuel Poulle,1928-08-06,2011-01-08,Homme,1981-03-20,,,,,,,,,,,https://fr.wikipedia.org/wiki/Emmanuel_Poulle,Q1338383
1013,John North,1934-05-19,2008-10-31,Homme,1971-01-11,,,,,,,file_uploads/ulf_636_North_John_web.jpg,Médaille Koyré,9568,,https://fr.wikipedia.org/wiki/John_North,Q1699765
1014,Ernest Wickersheimer,1880-12-07,1965-06-08,Homme,1930-02-15,,,,,,,file_uploads/ulf_645_Wickersheimer_Ernest_NLM.jpg|file_uploads/ulf_467_Ernest_Wickersheimer.jpg,,,,https://fr.wikipedia.org/wiki/Ernest_Wickersheimer,Q3057207
1015,Samuel Dickstein,1851-12-05,1939-09-28,Homme,1934-02-03,,,,,,,file_uploads/ulf_575_Samuel.Dickstein.jpg,,,,https://fr.wikipedia.org/wiki/Samuel_Dickstein_(math%C3%A9maticien),Q321952
1016,George Sarton,1884-08-31,1956-03-22,Homme,1928-02-12,,,,,,,file_uploads/ulf_695_George.Sarton.jpg|file_uploads/ulf_640_Sarton_George.jpg|file_uploads/ulf_543_George_Sarton.jpg,Médaille Sarton,10084,,https://fr.wikipedia.org/wiki/George_Sarton,Q1316061
1017,David Smith,1860-01-21,1944-07-29,Homme,1928-06-11,,,,,,,file_uploads/ulf_642_Smith_David_Eugene_web.jpg|file_uploads/ulf_470_David_Eugene_Smith.jpg,,,,https://fr.wikipedia.org/wiki/David_Eugene_Smith,Q1174369
1018,Julian Ribera y Tarrago,1858-02-19,1934-02-05,Homme,1928-12-26,,,,,,,file_uploads/ulf_661_Ribera.jpg,,,,https://fr.wikipedia.org/wiki/Juli%C3%A1n_Ribera_y_Tarrag%C3%B3,Q3780375
1019,Michela Malpangotto,1976-10-23,,Femme,2019-05-25,,,,,,,file_uploads/ulf_471_Michela_Mlpangotto.jpg,,,,https://fr.wikipedia.org/wiki/Michela_Malpangotto,Q106517993
1020,Antoni Mallet,1955-01-01,,Homme,,,,,,,,,,,,,Q1962116
1021,Maurice Crosland,1931-03-19,2020-08-30,Homme,1976-04-05,,,,,,,,Dexter,10125,,https://de.wikipedia.org/wiki/Maurice_Crosland,Q22911477
1022,Liba Taub,1954-11-15,,Femme,,,,,,,,,,,,https://en.wikipedia.org/wiki/Liba_Taub,Q45302256
1023,Jürgen Renn,1956-11-07,,Homme,,,,,,,,,,,,https://fr.wikipedia.org/wiki/J%C3%BCrgen_Renn,Q1717584
1024,Alberto Postigliola,1942-01-07,2021-01-01,Homme,2010-04-12,,,,,,,,,,,,Q55454687
1025,Miquel Forcada Nogués,1964-01-01,,Homme,2010-04-12,,,,,,,,,,,,Q93432544
1026,James Bennett,1947-02-04,2023-10-28,Homme,2005-12-28,,,,,,,,Médaille Sarton,10084,,https://fr.wikipedia.org/wiki/Jim_Bennett,Q6193623
1027,Alan Shapiro,1952-02-18,,Homme,1999-05-05,,,,,,,,,,,https://en.wikipedia.org/wiki/Alan_Shapiro,Q4707746
1028,Roshdi Rashed,1936-05-04,,Homme,1983-04-15,,,,,,,file_uploads/ulf_665_Rashed.jpg,Prix Kenneth O. May|Médaille Koyré,10124|9568,,https://fr.wikipedia.org/wiki/Roshdi_Rashed,Q3442614
1029,Shigeru Nakayama,1928-06-22,2014-10-05,Homme,1986-11-30,,,,,,,,,,,https://en.wikipedia.org/wiki/Shigeru_Nakayama,Q11364272
1030,Kurt-Reinhard Biermann,1919-05-12,2002-05-24,Homme,,,,,,,,,,,6.6.1,https://fr.wikipedia.org/wiki/Kurt-Reinhard_Biermann,Q1793303
1031,Abdelhamid Ibrahim Sabra,1924-08-07,2013-12-18,Homme,1984-09-11,,,,,,,,Médaille Sarton,10084,,https://fr.wikipedia.org/wiki/Abdelhamid_I._Sabra,Q307891
1032,Pawel Czartoryski,1924-05-21,1999-10-08,Homme,1983-04-15,,,,,,,,,,,,Q7156155
1033,Guy Beaujouan,1925-06-23,2007-05-10,Homme,1967-12-24,,,,,,,file_uploads/ulf_582_Guy.Beaujouan.jpg,Médaille Koyré,9568,6.4.3,https://fr.wikipedia.org/wiki/Guy_Beaujouan,Q3121538
1034,Ašot Grigor?ân,1910-03-21,1997-01-01,Homme,1963-06-26,,,,,,,file_uploads/ulf_390_????????_????_??????????.jpg,,,,https://fr.wikipedia.org/wiki/Achot_Grigorian,Q4149397
1035,Gerald Holton,1922-05-23,,Homme,1968-08-21,,,,,,,,Médaille Sarton,10084,,https://fr.wikipedia.org/wiki/Gerald_Holton,Q935051
1036,Christoph J. Scriba,1929-06-10,2013-07-26,Homme,1971-01-11,,,,,,,file_uploads/ulf_235_christoph_scriba_1929-2013.preview.jpg,Prix Kenneth O. May,10124,,https://fr.wikipedia.org/wiki/Christoph_Scriba,Q74765
1037,Kurt Vogel,1888-09-30,1985-10-27,Homme,1961-02-20,,,,,,,file_uploads/ulf_643_Kurt.Vogel.jpg,Médaille Sarton,10084,,https://fr.wikipedia.org/wiki/Kurt_Vogel,Q1794191
1038,John Murdoch,1927-10-05,2010-09-16,Homme,1974-02-18,,,,,,,,Médaille Sarton,10084,,https://fr.wikipedia.org/wiki/John_E._Murdoch,Q1699969
1039,Semion Mikoulinski,1919-02-04,1991-03-07,Homme,1971-01-11,,,,,,,file_uploads/ulf_491_Romanovitch.jpg,,,,https://fr.wikipedia.org/wiki/Semion_Mikulinski,Q4293247
1040,Nikolaj Figurovskij,1901-11-24,1986-08-05,Homme,1960-02-15,,,,,,,file_uploads/ulf_570_Figurovskij.jpg,,,,https://fr.wikipedia.org/wiki/Nikolaj_Figurovskij,Q22967417
1041,Georges Canguilhem,1904-04-06,1995-11-09,Homme,1960-02-15,,,,,,,file_uploads/ulf_322_GC.jpg,Médaille Sarton,10084,7.4.4,https://fr.wikipedia.org/wiki/Georges_Canguilhem,Q433741
1042,Joan Vernet i Ginés,1923-07-31,2011-07-23,Homme,1960-02-15,,,,,,,,Médaille Koyré,9568,,https://fr.wikipedia.org/wiki/Joan_Vernet,Q3810931
1043,François Dagognet,1924-04-24,2015-03-10,Homme,,,,,,,,,,,,https://fr.wikipedia.org/wiki/Fran%C3%A7ois_Dagognet,Q3084343
1044,Bogdan Suchodolski,1903-12-27,1992-02-10,Homme,,,,,,,,file_uploads/ulf_472_Bogdan_Suchodolski.jpg,Médaille Koyré,9568,,https://en.wikipedia.org/wiki/Bogdan_Suchodolski,Q2537623
1045,Marshall Clagett,1916-01-23,2005-10-21,Homme,1958-08-21,,,,,,,,Médaille Sarton|Médaille Koyré,10084|9568,,https://fr.wikipedia.org/wiki/Marshall_Clagett,Q325282
1046,Charles Gillispie,1918-06-08,2015-06-10,Homme,1963-06-26,,,,,,,file_uploads/ulf_234_gillispie.jpg,Médaille Sarton|Médaille Koyré,10084|9568,,https://fr.wikipedia.org/wiki/Charles_Gillispie,Q1064544
1047,Aydin Sayili,1913-02-05,1993-10-15,Homme,1961-02-20,,,,,,,,,,,https://en.wikipedia.org/wiki/Ayd%C4%B1n_Say%C4%B1l%C4%B1,Q4405321
1048,Marcel Florkin,1900-08-15,1979-03-05,Homme,1961-02-20,,,,,,,file_uploads/ulf_689_FLORKIN_Marcel.jpg,,,,https://fr.wikipedia.org/wiki/Marcel_Florkin,Q901352
1049,Aleksander Birkenmajer,1890-08-07,1967-09-30,Homme,1947-03-06,,,,,,,file_uploads/ulf_623_Birkenmajer_Aleksander.jpg|file_uploads/ulf_621_Birjenmajer_Aleksandre_02.jpg|file_uploads/ulf_622_Aleksander.Birkenmajer.jpg,,,,https://en.wikipedia.org/wiki/Aleksander_Birkenmajer,Q824471
1050,Robert Forbes,1900-04-21,1973-01-13,Homme,1950-03-15,,,,,,,file_uploads/ulf_247_Robert.James.Forbes.1900-1973.C148-E072.preview.jpg,,,,https://fr.wikipedia.org/wiki/Robert_Jacobus_Forbes,Q2023905
1051,Bohumil Nemec,1873-12-03,1966-07-04,Homme,1948-01-04,,,,,,,"file_uploads/ulf_473_Bohumil_N?mec,_foto_1935.jpg",,,,https://cs.wikipedia.org/wiki/Bohumil_N%C4%9Bmec,Q7356124
1052,Douglas Mckie,1896-07-15,1967-08-20,Homme,1949-06-15,,,,,,,,,,,https://fr.wikipedia.org/wiki/Douglas_McKie,Q3038019
1053,John Fulton,1899-01-11,1960-05-29,Homme,1949-06-15,,,,,,,file_uploads/ulf_474_John_Fulton.jpg,Médaille Sarton,10084,,https://fr.wikipedia.org/wiki/John_Farquhar_Fulton,Q1700039
1054,Marie-Thérèse D'Alverny,1903-01-25,1991-04-26,Femme,1965-06-26,,,,,,,,,,,https://fr.wikipedia.org/wiki/Marie-Th%C3%A9r%C3%A8se_d'Alverny,Q3292283
1055,Armando Cortesão,1891-01-30,1977-11-29,Homme,1947-03-06,,,,,,,,,,8-1-8,https://fr.wikipedia.org/wiki/Armando_Cortes%C3%A3o,Q9159897
1056,Roberto Almagià,1884-06-17,1962-05-13,Homme,1930-02-15,,,,,,,file_uploads/ulf_705_Almagia.jpg,,,,https://it.wikipedia.org/wiki/Roberto_Almagi%C3%A0,Q2904093
1057,Dorothea Singer,1882-12-17,1964-06-24,Femme,1928-12-26,,,,,,,file_uploads/ulf_475_Charles_Joseph_Singer_and_Dorothea_Waley_Singer._Photograph._Wellcome_V0027864.jpg,Médaille Sarton,10084,,https://fr.wikipedia.org/wiki/Dorothea_Waley_Singer,Q528997
1058,Gustav Senn,1875-09-11,1945-10-07,Homme,1937-10-03,,,,,,,,,,,https://fr.wikipedia.org/wiki/Gustav_Senn,Q67199743
1059,Max Meyerhof,1874-03-21,1945-04-20,Homme,1931-02-15,,,,,,,file_uploads/ulf_267_Max.Meyerhof.1874-1945.C014-E029.preview.jpg,,,,https://de.wikipedia.org/wiki/Max_Meyerhof,Q12238301
1060,Henri-Ernest Sigerist,1891-07-04,1957-03-17,Homme,1928-08-17,,,,,,,file_uploads/ulf_476_Sigerist.jpg,,,,https://fr.wikipedia.org/wiki/Henry_Sigerist,Q122000
1061,Abel Rey,1873-12-29,1940-01-13,Homme,1928-08-17,,,,,,,file_uploads/ulf_477_Abel_Rey.jpg,,,,https://fr.wikipedia.org/wiki/Abel_Rey,Q2821533
1062,Florian Cajori,1859-02-28,1930-08-14,Homme,1928-06-11,,,,,,,file_uploads/ulf_231_Florian.Cajori.1859-1930.E008.preview.jpg|file_uploads/ulf_626_Cajori_Florian.jpg,,,,https://fr.wikipedia.org/wiki/Florian_Cajori,Q122323
1063,Paul Diepgen,1878-11-24,1966-02-01,Homme,1930-02-15,,,,,,,"file_uploads/ulf_478_Bundesarchiv_Bild_146-2005-0074,_Paul_Diepgen.jpg",,,,https://en.wikipedia.org/wiki/Paul_Diepgen,Q1647083
1064,Pierre Brunet,1893-04-24,1950-11-30,Homme,1934-02-03,,,,,,,file_uploads/ulf_625_Brunet_Pierre.jpg,,,,https://de.wikipedia.org/wiki/Pierre_Brunet_(Wissenschaftshistoriker),Q29184945
1065,Ubiratan D'Ambrosio,1932-08-12,2021-12-05,Homme,2015-05-30,,,,,,,file_uploads/ulf_656_Ambrosio.jpg,Prix Kenneth O. May,10124,,https://fr.wikipedia.org/wiki/Ubirat%C3%A0n_D%27Ambrosio,Q2472797
1066,René Taton,1915-04-04,2004-09-08,Homme,,,,,,,,file_uploads/ulf_280_rene_taton.jpg,Prix Kenneth O. May|Médaille Sarton|Médaille Koyré,10124|10084|9568,18.1.3,https://fr.wikipedia.org/wiki/Ren%C3%A9_Taton,Q1388382
1067,Robert Halleux,1946-08-18,,Homme,1986-11-30,,,,,,,https://caphes.ens.fr/wp-content/uploads/2022/07/Robert_Halleux-scaled.jpg,,,,https://fr.wikipedia.org/wiki/Robert_Halleux,Q3435345
1068,Michel Blay,1948-05-13,,Homme,1999-05-05,,,,,,,,,,,https://fr.wikipedia.org/wiki/Michel_Blay,Q19945158
1072,Ernest Darmstaedter,1877-01-13,1938-12-11,Homme,,,,,,,,file_uploads/ulf_240_Ernest.Darmstaedter.1877-1947.C006.preview.jpg,,,,https://de.wikipedia.org/wiki/Ernst_Darmstaedter,Q18020025
1073,Birhy Bibhutibhusan Datta,1888-06-28,1958-06-10,Homme,,,,,,,,https://upload.wikimedia.org/wikipedia/commons/f/f4/Bibhutibhushan_Datta.jpeg,,,,https://en.wikipedia.org/wiki/Bibhutibhushan_Datta,Q16887932
1074,Maurice Daumas,1910-12-19,1984-03-18,Homme,1958-08-21,,,,,,,,,,,https://fr.wikipedia.org/wiki/Maurice_Daumas_(chimiste),Q3300631
1075,Ángel de Altoaguirre y Duvale,1857-11-15,1939-02-05,Homme,,,,,,,,,,,,https://es.wikipedia.org/wiki/%C3%81ngel_de_Altolaguirre_y_Duvale,Q6173571
1092,Davide Giordano,1905-05-17,1905-05-07,Homme,,,,,,,,file_uploads/ulf_248_Davide.Giordano.1864-1954.C049.preview.jpg,,,10.1.6,https://it.wikipedia.org/wiki/Davide_Giordano,
1146,Kóstas Gavróglou,1947-07-30,,Homme,,,,,,,,file_uploads/ulf_534_Gavrogulu.jpg,,,,https://fr.wikipedia.org/wiki/K%C3%B3stas_Gavr%C3%B3glou,Q26807805
1189,Brigitte Hoppe,1935-03-17,,Femme,2002-03-28,,,,,,,,Médaille Koyré,9568,,https://de.wikipedia.org/wiki/Brigitte_Hoppe,Q24019628
1192,Christine Fili,1945-02-14,,Femme,,,,,,,,,Médaille Koyré,9568,,,
1193,Christoph Meinel,1949-11-28,,Homme,2005-12-28,,,,,,,,,,,https://en.wikipedia.org/wiki/Christoph_Meinel,Q1085518
